-- phpMyAdmin SQL Dump
-- version 4.6.5.2
-- https://www.phpmyadmin.net/
--
-- Host: 127.0.0.1
-- Generation Time: May 11, 2017 at 02:00 AM
-- Server version: 10.1.21-MariaDB
-- PHP Version: 7.0.15

SET SQL_MODE = "NO_AUTO_VALUE_ON_ZERO";
SET time_zone = "+00:00";


/*!40101 SET @OLD_CHARACTER_SET_CLIENT=@@CHARACTER_SET_CLIENT */;
/*!40101 SET @OLD_CHARACTER_SET_RESULTS=@@CHARACTER_SET_RESULTS */;
/*!40101 SET @OLD_COLLATION_CONNECTION=@@COLLATION_CONNECTION */;
/*!40101 SET NAMES utf8mb4 */;

--
-- Database: `olympictienganh`
--

-- --------------------------------------------------------

--
-- Table structure for table `bac_hoc`
--

CREATE TABLE `bac_hoc` (
  `MA_BAC` int(10) UNSIGNED NOT NULL,
  `TEN_BAC` varchar(255) COLLATE utf8_unicode_ci NOT NULL,
  `created_at` timestamp NULL DEFAULT NULL,
  `updated_at` timestamp NULL DEFAULT NULL
) ENGINE=InnoDB DEFAULT CHARSET=utf8 COLLATE=utf8_unicode_ci;

--
-- Dumping data for table `bac_hoc`
--

INSERT INTO `bac_hoc` (`MA_BAC`, `TEN_BAC`, `created_at`, `updated_at`) VALUES
(1, 'Tiểu học', '2017-04-20 17:00:00', NULL),
(2, 'Trung học', NULL, NULL),
(3, 'Phổ thông', NULL, NULL);

-- --------------------------------------------------------

--
-- Table structure for table `cau_hoi`
--

CREATE TABLE `cau_hoi` (
  `MA_CH` int(10) UNSIGNED NOT NULL,
  `MA_LOAI` int(10) UNSIGNED NOT NULL,
  `MA_DE` int(10) UNSIGNED NOT NULL,
  `NOI_DUNG` varchar(255) COLLATE utf8_unicode_ci NOT NULL,
  `TG_CAUHOI` int(11) NOT NULL,
  `STT_VONG` int(11) DEFAULT NULL,
  `STT_CH` int(11) NOT NULL,
  `created_at` timestamp NULL DEFAULT NULL,
  `updated_at` timestamp NULL DEFAULT NULL
) ENGINE=InnoDB DEFAULT CHARSET=utf8 COLLATE=utf8_unicode_ci;

--
-- Dumping data for table `cau_hoi`
--

INSERT INTO `cau_hoi` (`MA_CH`, `MA_LOAI`, `MA_DE`, `NOI_DUNG`, `TG_CAUHOI`, `STT_VONG`, `STT_CH`, `created_at`, `updated_at`) VALUES
(1, 1, 1, 'What___your name?', 30, 1, 1, '2017-04-20 17:00:00', NULL),
(2, 1, 1, 'How___you?', 10, 1, 2, '2017-04-25 17:00:00', NULL),
(3, 1, 1, 'Do you … a cellphone', 30, 1, 3, NULL, NULL),
(4, 1, 1, 'Nó là cây viết chì', 30, 1, 4, NULL, NULL),
(5, 1, 1, 'How do you … your name?', 30, 1, 5, NULL, NULL),
(6, 1, 1, 'In America, it is not ... to ask personal questions.', 30, 1, 6, NULL, NULL),
(7, 1, 1, 'Why do not you make it bigger and more colourful to ... People is attention ?', 30, 1, 7, NULL, NULL),
(8, 1, 1, 'Lets … hello to the teacher', 30, 1, 8, NULL, NULL),
(9, 1, 1, 'There is … dog in my house', 30, 1, 9, NULL, NULL),
(10, 1, 1, 'Give … a pen, please', 30, 1, 10, NULL, NULL),
(11, 1, 3, 'I … reading a book', 30, 1, 11, NULL, NULL),
(12, 1, 3, 'This care … for you, Mary. Thank you very much', 30, 1, 12, NULL, NULL),
(13, 1, 3, 'Tommy is my friend. He is a … at Quang Trung primary school', 30, 1, 13, NULL, NULL),
(14, 1, 3, 'Her hoise is … big', 30, 1, 14, NULL, NULL),
(15, 1, 3, 'Yoko is … Japan', 30, 1, 15, NULL, NULL),
(16, 1, 3, 'August is the eighth month … the year.', 30, 1, 16, NULL, NULL),
(17, 1, 3, 'Draw … picture, please', 30, 1, 17, NULL, NULL),
(18, 1, 3, 'I … watching television', 30, 1, 18, NULL, NULL),
(19, 1, 3, 'My birthday is … May 5th', 30, 1, 19, NULL, NULL),
(20, 1, 3, 'Hello, … Sean', 30, 1, 20, NULL, NULL),
(21, 1, 4, 'How … desks are there in your classroom', 30, 1, 21, NULL, NULL),
(22, 1, 4, 'I am from England. I am from England, …', 30, 1, 22, NULL, NULL),
(23, 1, 4, 'I am … America', 30, 1, 23, NULL, NULL),
(24, 1, 4, 'Thank you very much. You … welcome', 30, 1, 24, NULL, NULL),
(25, 1, 4, 'Look at the … ,please', 30, 1, 25, NULL, NULL),
(26, 1, 4, 'Where are you from, Alice?. … from Singapore', 30, 1, 26, NULL, NULL),
(27, 1, 4, 'March is the … month of the year.', 30, 1, 27, NULL, NULL),
(28, 1, 4, '… do you like Art?. Because I can learn how to draw a picture', 30, 1, 28, NULL, NULL),
(29, 1, 4, 'The box … blue', 30, 1, 29, NULL, NULL),
(30, 1, 4, 'His father is birthday is … November', 30, 1, 30, NULL, NULL),
(31, 1, 5, 'Is that Peter?. Yes, …', 30, 1, 31, NULL, NULL),
(32, 1, 5, 'How old is she?. She is ten … old.', 30, 1, 32, NULL, NULL),
(33, 1, 5, 'What … is it?. It is 7:30 am', 30, 1, 33, NULL, NULL),
(34, 1, 5, 'It is time to go … a walk', 30, 1, 34, NULL, NULL),
(35, 1, 5, 'Nam gets up … 6 oclock every morning', 30, 1, 35, NULL, NULL),
(36, 1, 5, 'What time do … go to school every day?. I go to school at 6:30', 30, 1, 36, NULL, NULL),
(37, 1, 5, 'I … breakfast at 6.15 every morning', 30, 1, 37, NULL, NULL),
(38, 1, 5, 'She … TV in the evening', 30, 1, 38, NULL, NULL),
(39, 1, 5, 'What is his job?. He is … factory worker', 30, 1, 39, NULL, NULL),
(40, 1, 6, 'This is a photo … my family', 30, 1, 40, NULL, NULL),
(41, 1, 6, '… does your father do?. He is a doctor', 30, 1, 41, NULL, NULL),
(42, 1, 6, 'My borther drives a bus. He is a bus …', 30, 1, 42, NULL, NULL),
(43, 1, 6, '… does your mother work?. She works in a primary school', 30, 1, 43, NULL, NULL),
(44, 1, 6, 'What is your … food?. I like chicken', 30, 1, 44, NULL, NULL),
(45, 1, 6, '… you like some orange juice?. Yes, please. I love it', 30, 1, 45, NULL, NULL),
(46, 1, 6, 'What … she like?. She is very nice', 30, 1, 46, NULL, NULL),
(47, 1, 6, 'My mother is a … teacher. She is kind and friendly, too', 30, 1, 47, NULL, NULL),
(48, 1, 6, 'What does he look like?. He looks …', 30, 1, 48, NULL, NULL),
(49, 1, 6, 'What is Chrismas?. It is …', 30, 1, 49, NULL, NULL),
(50, 1, 7, 'There … a lot of fun on festivals', 30, 1, 50, NULL, NULL),
(51, 1, 7, 'We … our teachers and friends on Tet holidays', 30, 1, 51, NULL, NULL),
(52, 1, 7, 'What are you going to do at Mid-Autumn?. I … the School Lantern Parade', 30, 1, 52, NULL, NULL),
(53, 1, 7, 'He is very haapy … the New year is coming', 30, 1, 53, NULL, NULL),
(54, 1, 7, '… is the fireworks display?. It is colorful and beautiful.', 30, 1, 54, NULL, NULL),
(55, 1, 7, 'What … is this?. It is an elephant.', 30, 1, 55, NULL, NULL),
(56, 1, 7, 'What are monkeys … ?. They are quick and clever', 30, 1, 56, NULL, NULL),
(57, 1, 7, 'Bears like … fish,fruit and honey', 30, 1, 57, NULL, NULL),
(58, 1, 7, 'Bears can … on two legs and move around', 30, 1, 58, NULL, NULL),
(59, 1, 7, 'Lets go to the … I want some books', 30, 1, 59, NULL, NULL),
(60, 1, 8, '… do you want to the post office?. Because I want some stamps', 30, 1, 60, NULL, NULL),
(61, 1, 8, '… is she wearing?. She is wearing a pink dress', 30, 1, 61, NULL, NULL),
(62, 1, 8, 'She … got brown hair', 30, 1, 62, NULL, NULL),
(63, 1, 8, '… are Peter and Mary?. They are at the school party', 30, 1, 63, NULL, NULL),
(64, 1, 8, 'I do not … TV in the morning', 30, 1, 64, NULL, NULL),
(65, 1, 8, 'He works from 7.30 AM … 4.30PM', 30, 1, 65, NULL, NULL),
(66, 1, 8, 'What … do you get up?. I get up at five', 30, 1, 66, NULL, NULL),
(67, 1, 8, 'When is ChildrenDay?. It is on …', 30, 1, 67, NULL, NULL),
(68, 1, 8, 'My mother is a …. She works in a hospital', 30, 1, 68, NULL, NULL),
(69, 1, 8, 'Lets go to the … I want some medicine', 30, 1, 69, NULL, NULL),
(70, 1, 9, 'There are English - Vietnamese …', 30, 1, 70, NULL, NULL),
(71, 1, 9, 'My mother takes care of my house and looks … my baby sister', 30, 1, 71, NULL, NULL),
(72, 1, 9, '… straight across the road', 30, 1, 72, NULL, NULL),
(73, 1, 9, 'Are they students?. Yes,…', 30, 1, 73, NULL, NULL),
(74, 1, 9, 'Can you speak English?. …', 30, 1, 74, NULL, NULL);

-- --------------------------------------------------------

--
-- Table structure for table `dap_an`
--

CREATE TABLE `dap_an` (
  `id` int(11) NOT NULL,
  `MA_CH` int(10) UNSIGNED NOT NULL,
  `NOI_DUNG` varchar(255) COLLATE utf8_unicode_ci NOT NULL,
  `TRANGTHAI` int(11) NOT NULL,
  `created_at` timestamp NULL DEFAULT NULL,
  `updated_at` timestamp NULL DEFAULT NULL
) ENGINE=InnoDB DEFAULT CHARSET=utf8 COLLATE=utf8_unicode_ci;

--
-- Dumping data for table `dap_an`
--

INSERT INTO `dap_an` (`id`, `MA_CH`, `NOI_DUNG`, `TRANGTHAI`, `created_at`, `updated_at`) VALUES
(1, 1, 'is', 1, '2017-04-25 17:00:00', NULL),
(2, 1, 'are', 0, '2017-04-25 17:00:00', NULL),
(3, 1, 'am', 0, '2017-04-21 17:00:00', NULL),
(4, 1, 'have', 0, '2017-04-21 17:00:00', NULL),
(5, 2, 'are', 1, '2017-04-25 17:00:00', NULL),
(6, 2, 'old', 0, '2017-04-25 17:00:00', NULL),
(7, 2, 'is', 0, '2017-04-25 17:00:00', NULL),
(8, 2, 'have', 0, '2017-04-25 17:00:00', NULL),
(9, 3, 'have', 1, NULL, NULL),
(10, 4, 'It\'s a pen', 0, NULL, NULL),
(11, 5, 'what', 0, NULL, NULL),
(12, 6, 'polite', 1, NULL, NULL),
(13, 7, 'Keep', 0, NULL, NULL),
(14, 8, 'go', 0, NULL, NULL),
(15, 9, 'a', 1, NULL, NULL),
(16, 10, 'my', 0, NULL, NULL),
(17, 11, 'is', 0, NULL, NULL),
(18, 12, 'Is', 1, NULL, NULL),
(19, 13, 'Woker', 0, NULL, NULL),
(20, 14, 'very', 1, NULL, NULL),
(21, 15, 'at', 0, NULL, NULL),
(22, 16, 'by', 0, NULL, NULL),
(23, 17, 'a', 1, NULL, NULL),
(24, 18, 'am', 1, NULL, NULL),
(25, 19, 'in', 0, NULL, NULL),
(26, 20, 'my', 0, NULL, NULL),
(27, 21, 'any', 0, NULL, NULL),
(28, 22, 'and', 0, NULL, NULL),
(29, 23, 'in', 0, NULL, NULL),
(30, 24, 'is', 0, NULL, NULL),
(31, 25, 'board', 1, NULL, NULL),
(32, 26, 'My', 0, NULL, NULL),
(33, 27, 'First', 0, NULL, NULL),
(34, 28, 'Who', 0, NULL, NULL),
(35, 29, 'are', 0, NULL, NULL),
(36, 30, 'in', 0, NULL, NULL),
(37, 31, 'he is', 1, NULL, NULL),
(38, 32, 'yeasr', 0, NULL, NULL),
(39, 33, 'Color', 0, NULL, NULL),
(40, 34, 'to', 1, NULL, NULL),
(41, 35, 'at', 1, NULL, NULL),
(42, 36, 'He', 0, NULL, NULL),
(43, 37, 'do', 0, NULL, NULL),
(44, 38, 'watches', 1, NULL, NULL),
(45, 39, 'his', 0, NULL, NULL),
(46, 40, 'from', 0, NULL, NULL),
(47, 41, 'What time', 0, NULL, NULL),
(48, 42, 'teacher', 0, NULL, NULL),
(49, 43, 'Where', 0, NULL, NULL),
(50, 44, 'good', 0, NULL, NULL),
(51, 45, 'Do', 1, NULL, NULL),
(52, 46, 'are', 0, NULL, NULL),
(53, 47, 'small', 0, NULL, NULL),
(54, 48, 'sporty', 0, NULL, NULL),
(55, 49, 'a festival for children', 0, NULL, NULL),
(56, 50, 'is', 1, NULL, NULL),
(57, 51, 'go', 0, NULL, NULL),
(58, 52, 'Join', 0, NULL, NULL),
(59, 53, 'and', 0, NULL, NULL),
(60, 54, 'How', 1, NULL, NULL),
(61, 55, 'crocodile', 0, NULL, NULL),
(62, 56, 'do', 0, NULL, NULL),
(63, 57, 'eats', 0, NULL, NULL),
(64, 58, 'to stand', 0, NULL, NULL),
(65, 59, 'bookshop', 1, NULL, NULL),
(66, 60, 'When', 0, NULL, NULL),
(67, 61, 'Where', 0, NULL, NULL),
(68, 62, 'have', 0, NULL, NULL),
(69, 63, 'Who', 0, NULL, NULL),
(70, 64, 'watches', 0, NULL, NULL),
(71, 65, 'on', 0, NULL, NULL),
(72, 66, 'time', 1, NULL, NULL),
(73, 67, 'May 1st', 0, NULL, NULL),
(74, 68, 'teacher', 0, NULL, NULL),
(75, 69, 'bookshop', 0, NULL, NULL),
(76, 70, 'dictionaries', 1, NULL, NULL),
(77, 71, 'for', 0, NULL, NULL),
(78, 72, 'Do not run', 1, NULL, NULL),
(79, 73, 'they are', 1, NULL, NULL),
(80, 74, 'Yes, I can not', 0, NULL, NULL),
(81, 3, 'has', 0, NULL, NULL),
(82, 4, 'It\'s a pencil', 1, NULL, NULL),
(83, 5, 'is', 0, NULL, NULL),
(84, 6, 'impolite', 0, NULL, NULL),
(85, 7, 'idea', 0, NULL, NULL),
(86, 8, 'say', 1, NULL, NULL),
(87, 9, 'an', 0, NULL, NULL),
(88, 10, 'my is', 0, NULL, NULL),
(89, 11, 'are', 0, NULL, NULL),
(90, 12, 'are', 0, NULL, NULL),
(91, 13, 'doctor', 0, NULL, NULL),
(92, 14, 'much', 0, NULL, NULL),
(93, 15, 'under', 0, NULL, NULL),
(94, 16, 'on', 1, NULL, NULL),
(95, 17, 'an', 0, NULL, NULL),
(96, 18, 'is', 0, NULL, NULL),
(97, 19, 'on', 1, NULL, NULL),
(98, 20, 'my name', 0, NULL, NULL),
(99, 21, 'many is', 0, NULL, NULL),
(100, 22, 'too', 1, NULL, NULL),
(101, 23, 'a', 0, NULL, NULL),
(102, 24, 'am', 0, NULL, NULL),
(103, 25, 'board is', 0, NULL, NULL),
(104, 26, 'Me', 0, NULL, NULL),
(105, 27, 'second', 0, NULL, NULL),
(106, 28, 'When', 0, NULL, NULL),
(107, 29, 'are not', 0, NULL, NULL),
(108, 30, 'on', 1, NULL, NULL),
(109, 31, 'is he', 0, NULL, NULL),
(110, 32, 'yares', 0, NULL, NULL),
(111, 33, 'time', 1, NULL, NULL),
(112, 34, 'At', 0, NULL, NULL),
(113, 35, 'on', 0, NULL, NULL),
(114, 36, 'she', 0, NULL, NULL),
(115, 37, 'learn', 0, NULL, NULL),
(116, 38, 'reads', 0, NULL, NULL),
(117, 39, 'a', 1, NULL, NULL),
(118, 40, 'at', 0, NULL, NULL),
(119, 41, 'What', 1, NULL, NULL),
(120, 42, 'businessman', 0, NULL, NULL),
(121, 43, 'What', 1, NULL, NULL),
(122, 44, 'favorite', 1, NULL, NULL),
(123, 45, 'Are', 0, NULL, NULL),
(124, 46, 'am', 0, NULL, NULL),
(125, 47, 'big', 0, NULL, NULL),
(126, 48, 'friend', 0, NULL, NULL),
(127, 49, 'a big festival', 1, NULL, NULL),
(128, 50, 'are', 0, NULL, NULL),
(129, 51, 'visit', 1, NULL, NULL),
(130, 52, 'am going to join', 0, NULL, NULL),
(131, 53, 'or', 0, NULL, NULL),
(132, 54, 'What', 0, NULL, NULL),
(133, 55, 'tree', 0, NULL, NULL),
(134, 56, 'can', 0, NULL, NULL),
(135, 57, 'eat', 1, NULL, NULL),
(136, 58, 'stand', 0, NULL, NULL),
(137, 59, 'post office', 0, NULL, NULL),
(138, 60, 'What time', 0, NULL, NULL),
(139, 61, 'What', 1, NULL, NULL),
(140, 62, 'has', 1, NULL, NULL),
(141, 63, 'What', 0, NULL, NULL),
(142, 64, 'watch', 1, NULL, NULL),
(143, 65, 'to', 1, NULL, NULL),
(144, 66, 'colour', 0, NULL, NULL),
(145, 67, 'March 8th', 0, NULL, NULL),
(146, 68, 'worker', 0, NULL, NULL),
(147, 69, 'zoo', 0, NULL, NULL),
(148, 70, 'pens', 0, NULL, NULL),
(149, 71, 'at', 0, NULL, NULL),
(150, 72, 'Not run', 0, NULL, NULL),
(151, 73, 'they do', 0, NULL, NULL),
(152, 74, 'No, I can', 0, NULL, NULL),
(153, 3, 'had', 0, NULL, NULL),
(154, 4, 'It\'s a ruler', 0, NULL, NULL),
(155, 5, 'spell', 1, NULL, NULL),
(156, 6, 'rude', 0, NULL, NULL),
(157, 7, 'attract', 1, NULL, NULL),
(158, 8, 'know', 0, NULL, NULL),
(159, 9, 'two', 0, NULL, NULL),
(160, 10, 'me', 1, NULL, NULL),
(161, 11, 'am', 1, NULL, NULL),
(162, 12, 'a', 0, NULL, NULL),
(163, 13, 'farmer', 0, NULL, NULL),
(164, 14, 'many', 0, NULL, NULL),
(165, 15, 'up', 0, NULL, NULL),
(166, 16, 'of', 0, NULL, NULL),
(167, 17, 'a is', 0, NULL, NULL),
(168, 18, 'are', 0, NULL, NULL),
(169, 19, 'of', 0, NULL, NULL),
(170, 20, 'I', 0, NULL, NULL),
(171, 21, 'any is', 0, NULL, NULL),
(172, 22, 'end', 0, NULL, NULL),
(173, 23, 'from', 1, NULL, NULL),
(174, 24, 'are', 1, NULL, NULL),
(175, 25, 'say', 0, NULL, NULL),
(176, 26, 'Am', 0, NULL, NULL),
(177, 27, 'third', 1, NULL, NULL),
(178, 28, 'What', 0, NULL, NULL),
(179, 29, 'is', 1, NULL, NULL),
(180, 30, 'of', 0, NULL, NULL),
(181, 31, 'is not', 0, NULL, NULL),
(182, 32, 'yreas', 0, NULL, NULL),
(183, 33, 'Nationality', 0, NULL, NULL),
(184, 34, 'for', 0, NULL, NULL),
(185, 35, 'from', 0, NULL, NULL),
(186, 36, 'you', 1, NULL, NULL),
(187, 37, 'go', 0, NULL, NULL),
(188, 38, 'opens', 0, NULL, NULL),
(189, 39, 'an', 0, NULL, NULL),
(190, 40, 'in', 0, NULL, NULL),
(191, 41, 'How', 0, NULL, NULL),
(192, 42, 'farmer', 0, NULL, NULL),
(193, 43, 'How', 0, NULL, NULL),
(194, 44, 'nice', 0, NULL, NULL),
(195, 45, 'Would', 0, NULL, NULL),
(196, 46, 'is', 1, NULL, NULL),
(197, 47, 'thin', 0, NULL, NULL),
(198, 48, 'student', 0, NULL, NULL),
(199, 49, 'a festival for teachers', 0, NULL, NULL),
(200, 50, 'am', 0, NULL, NULL),
(201, 51, 'get together', 0, NULL, NULL),
(202, 52, 'go to join', 1, NULL, NULL),
(203, 53, 'because', 0, NULL, NULL),
(204, 54, 'Where', 0, NULL, NULL),
(205, 55, 'fruit', 0, NULL, NULL),
(206, 56, 'like', 1, NULL, NULL),
(207, 57, 'eating', 0, NULL, NULL),
(208, 58, 'stands', 0, NULL, NULL),
(209, 59, 'cinema', 0, NULL, NULL),
(210, 60, 'Why', 1, NULL, NULL),
(211, 61, 'Who', 0, NULL, NULL),
(212, 62, 'having', 0, NULL, NULL),
(213, 63, 'Where', 1, NULL, NULL),
(214, 64, 'play', 0, NULL, NULL),
(215, 65, 'at', 0, NULL, NULL),
(216, 66, 'food', 0, NULL, NULL),
(217, 67, 'June 1st', 1, NULL, NULL),
(218, 68, 'driver', 0, NULL, NULL),
(219, 69, 'bakery', 0, NULL, NULL),
(220, 70, 'computers', 0, NULL, NULL),
(221, 71, 'over', 0, NULL, NULL),
(222, 72, 'No run', 0, NULL, NULL),
(223, 73, 'are they', 0, NULL, NULL),
(224, 74, 'No, I can not', 1, NULL, NULL),
(225, 3, 'is', 0, NULL, NULL),
(226, 4, 'It\'s a rubber', 0, NULL, NULL),
(227, 5, 'how', 0, NULL, NULL),
(228, 6, 'B & C are correct', 0, NULL, NULL),
(229, 7, 'raise', 0, NULL, NULL),
(230, 8, 'to', 0, NULL, NULL),
(231, 9, 'is', 0, NULL, NULL),
(232, 10, 'I', 0, NULL, NULL),
(233, 11, 'am is', 0, NULL, NULL),
(234, 12, 'an', 0, NULL, NULL),
(235, 13, 'student', 1, NULL, NULL),
(236, 14, 'old', 0, NULL, NULL),
(237, 15, 'from', 1, NULL, NULL),
(238, 16, 'from', 0, NULL, NULL),
(239, 17, 'an is', 0, NULL, NULL),
(240, 18, 'are not', 0, NULL, NULL),
(241, 19, 'from', 0, NULL, NULL),
(242, 20, 'I am', 1, NULL, NULL),
(243, 21, 'many', 1, NULL, NULL),
(244, 22, 'two', 0, NULL, NULL),
(245, 23, 'to', 0, NULL, NULL),
(246, 24, 'is not', 0, NULL, NULL),
(247, 25, 'tell', 0, NULL, NULL),
(248, 26, 'I am', 1, NULL, NULL),
(249, 27, 'fourth', 0, NULL, NULL),
(250, 28, 'Why', 1, NULL, NULL),
(251, 29, 'this', 0, NULL, NULL),
(252, 30, 'from', 0, NULL, NULL),
(253, 31, 'he not', 0, NULL, NULL),
(254, 32, 'years', 1, NULL, NULL),
(255, 33, 'name', 0, NULL, NULL),
(256, 34, 'on', 0, NULL, NULL),
(257, 35, 'to', 0, NULL, NULL),
(258, 36, 'they', 0, NULL, NULL),
(259, 37, 'have', 1, NULL, NULL),
(260, 38, 'goes', 0, NULL, NULL),
(261, 39, 'one', 0, NULL, NULL),
(262, 40, 'of', 1, NULL, NULL),
(263, 41, 'Where', 0, NULL, NULL),
(264, 42, 'driver', 1, NULL, NULL),
(265, 43, 'Why', 0, NULL, NULL),
(266, 44, 'small', 0, NULL, NULL),
(267, 45, 'About', 0, NULL, NULL),
(268, 46, 'to be', 0, NULL, NULL),
(269, 47, 'good', 1, NULL, NULL),
(270, 48, 'pretty', 1, NULL, NULL),
(271, 49, 'a popular festival in Vietnam', 0, NULL, NULL),
(272, 50, 'have', 0, NULL, NULL),
(273, 51, 'eat', 0, NULL, NULL),
(274, 52, 'go and join', 0, NULL, NULL),
(275, 53, 'by', 1, NULL, NULL),
(276, 54, 'Why', 0, NULL, NULL),
(277, 55, 'animal', 1, NULL, NULL),
(278, 56, 'look', 0, NULL, NULL),
(279, 57, 'are eating', 0, NULL, NULL),
(280, 58, 'standing', 1, NULL, NULL),
(281, 59, 'supermarket', 0, NULL, NULL),
(282, 60, 'Who', 0, NULL, NULL),
(283, 61, 'How', 0, NULL, NULL),
(284, 62, 'to have', 0, NULL, NULL),
(285, 63, 'What time', 0, NULL, NULL),
(286, 64, 'learn', 0, NULL, NULL),
(287, 65, 'in', 0, NULL, NULL),
(288, 66, 'drink', 0, NULL, NULL),
(289, 67, 'January 1st', 0, NULL, NULL),
(290, 68, 'doctor', 1, NULL, NULL),
(291, 69, 'pharmacy', 1, NULL, NULL),
(292, 70, 'rulers', 0, NULL, NULL),
(293, 71, 'after', 1, NULL, NULL),
(294, 72, 'Can not run', 0, NULL, NULL),
(295, 73, 'are their', 0, NULL, NULL),
(296, 74, 'Yes, I do', 0, NULL, NULL);

-- --------------------------------------------------------

--
-- Table structure for table `de_thi`
--

CREATE TABLE `de_thi` (
  `MA_DE` int(10) UNSIGNED NOT NULL,
  `TEN_DE` varchar(255) COLLATE utf8_unicode_ci NOT NULL,
  `SO_CAUHOI` int(10) UNSIGNED NOT NULL,
  `created_at` timestamp NULL DEFAULT NULL,
  `updated_at` timestamp NULL DEFAULT NULL
) ENGINE=InnoDB DEFAULT CHARSET=utf8 COLLATE=utf8_unicode_ci;

--
-- Dumping data for table `de_thi`
--

INSERT INTO `de_thi` (`MA_DE`, `TEN_DE`, `SO_CAUHOI`, `created_at`, `updated_at`) VALUES
(1, 'Đề 101', 10, '2017-04-20 17:00:00', NULL),
(3, 'Đề102', 10, '2017-04-22 17:00:00', NULL),
(4, 'Đề 103', 10, '2017-04-22 17:00:00', NULL),
(5, 'Đề 104', 10, '2017-04-22 17:00:00', NULL),
(6, 'Đề 105', 10, '2017-04-22 17:00:00', NULL),
(7, 'Đề 106', 10, '2017-04-22 17:00:00', NULL),
(8, 'Đề 107', 10, '2017-04-22 17:00:00', NULL),
(9, 'Đề 108', 10, '2017-04-22 17:00:00', NULL),
(10, 'Đề 109', 10, '2017-04-22 17:00:00', NULL),
(11, 'Đề 110', 10, '2017-04-22 17:00:00', NULL),
(12, 'Đề 201', 10, '2017-04-22 17:00:00', NULL),
(13, 'Đề 202', 10, '2017-04-22 17:00:00', NULL),
(14, 'Đề 203', 10, '2017-04-22 17:00:00', NULL),
(15, 'Đề 204', 10, '2017-04-22 17:00:00', NULL),
(16, 'Đề 205', 10, '2017-04-22 17:00:00', NULL),
(17, 'Đề 301', 10, '2017-04-22 17:00:00', NULL),
(18, 'Đề 302', 10, '2017-04-22 17:00:00', NULL),
(19, 'Đề 303', 10, '2017-04-22 17:00:00', NULL),
(20, 'Đề 304', 10, '2017-04-22 17:00:00', NULL),
(21, 'Đề 305', 10, '2017-04-22 17:00:00', NULL),
(22, 'Đề 401', 10, '2017-04-22 17:00:00', NULL),
(23, 'Đề 402', 10, '2017-04-22 17:00:00', NULL),
(24, 'Đề 403', 10, '2017-04-22 17:00:00', NULL),
(25, 'Đề 404', 10, '2017-04-22 17:00:00', NULL),
(26, 'Đề 405', 10, '2017-04-22 17:00:00', NULL),
(27, 'Đề 501', 10, '2017-04-22 17:00:00', NULL),
(28, 'Đề 502', 10, '2017-04-22 17:00:00', NULL),
(29, 'Đề 503', 10, '2017-04-22 17:00:00', NULL),
(30, 'Đề 504', 10, '2017-04-22 17:00:00', NULL),
(31, 'Đề 505', 10, '2017-04-22 17:00:00', NULL);

-- --------------------------------------------------------

--
-- Table structure for table `gop_y`
--

CREATE TABLE `gop_y` (
  `MA_GY` int(10) UNSIGNED NOT NULL,
  `TEN_ND` varchar(255) COLLATE utf8_unicode_ci DEFAULT NULL,
  `EMAIL` varchar(255) COLLATE utf8_unicode_ci DEFAULT NULL,
  `NOI_DUNG` varchar(255) COLLATE utf8_unicode_ci DEFAULT NULL,
  `created_at` timestamp NULL DEFAULT NULL,
  `updated_at` timestamp NULL DEFAULT NULL
) ENGINE=InnoDB DEFAULT CHARSET=utf8 COLLATE=utf8_unicode_ci;

--
-- Dumping data for table `gop_y`
--

INSERT INTO `gop_y` (`MA_GY`, `TEN_ND`, `EMAIL`, `NOI_DUNG`, `created_at`, `updated_at`) VALUES
(36, 'hehe', 'hehe@gmail.com', 'dehgheg', '2017-04-23 08:34:30', '2017-04-23 08:34:30'),
(37, 'Lê Trang', 'TrangLe@gmail.com', 'Trang web Như đẹp qá à ahaha', '2017-04-23 08:37:21', '2017-04-23 08:37:21'),
(38, 'Như Nguyễn', 'nhub1311416@student.ctu.edu.vn', 'web gì mà xấu qá', '2017-04-23 08:39:45', '2017-04-23 08:39:45'),
(39, 'Yến Nhi', 'nhi@gmail.com', 'Đẹp', '2017-04-23 08:41:16', '2017-04-23 08:41:16'),
(40, 'Như', 'nhu@gmail.com', 'Xấu', '2017-04-23 08:41:56', '2017-04-23 08:41:56'),
(41, 'Thanh Huyền', 'Huyenb1311351@student.ctu.edu.vn', 'web site của bạn đẹp', '2017-04-23 08:44:11', '2017-04-23 08:44:11'),
(42, 'hgsd', 'ándahsd', 'shhs', '2017-04-23 08:44:39', '2017-04-23 08:44:39');

-- --------------------------------------------------------

--
-- Table structure for table `ket_qua`
--

CREATE TABLE `ket_qua` (
  `MA_KQ` int(10) UNSIGNED NOT NULL,
  `MA_TK` int(10) UNSIGNED NOT NULL,
  `NGAY_GIO_THI` datetime NOT NULL,
  `DIEM_SO` int(11) NOT NULL,
  `created_at` timestamp NULL DEFAULT NULL,
  `updated_at` timestamp NULL DEFAULT NULL
) ENGINE=InnoDB DEFAULT CHARSET=utf8 COLLATE=utf8_unicode_ci;

-- --------------------------------------------------------

--
-- Table structure for table `loai_cau_hoi`
--

CREATE TABLE `loai_cau_hoi` (
  `MA_LOAI` int(10) UNSIGNED NOT NULL,
  `TEN_LOAI` varchar(255) COLLATE utf8_unicode_ci NOT NULL,
  `created_at` timestamp NULL DEFAULT NULL,
  `updated_at` timestamp NULL DEFAULT NULL
) ENGINE=InnoDB DEFAULT CHARSET=utf8 COLLATE=utf8_unicode_ci;

--
-- Dumping data for table `loai_cau_hoi`
--

INSERT INTO `loai_cau_hoi` (`MA_LOAI`, `TEN_LOAI`, `created_at`, `updated_at`) VALUES
(1, 'Câu hỏi trắc nghiệm', '2017-04-20 17:00:00', NULL);

-- --------------------------------------------------------

--
-- Table structure for table `loai_tin_tuc`
--

CREATE TABLE `loai_tin_tuc` (
  `MA_LOAITT` int(10) UNSIGNED NOT NULL,
  `TEN_LOAITT` varchar(255) COLLATE utf8_unicode_ci NOT NULL,
  `created_at` timestamp NULL DEFAULT NULL,
  `updated_at` timestamp NULL DEFAULT NULL
) ENGINE=InnoDB DEFAULT CHARSET=utf8 COLLATE=utf8_unicode_ci;

-- --------------------------------------------------------

--
-- Table structure for table `lop`
--

CREATE TABLE `lop` (
  `MA_LOP` int(10) UNSIGNED NOT NULL,
  `MA_TRUONG` int(10) UNSIGNED NOT NULL,
  `TEN_LOP` varchar(255) COLLATE utf8_unicode_ci NOT NULL,
  `created_at` timestamp NULL DEFAULT NULL,
  `updated_at` timestamp NULL DEFAULT NULL
) ENGINE=InnoDB DEFAULT CHARSET=utf8 COLLATE=utf8_unicode_ci;

--
-- Dumping data for table `lop`
--

INSERT INTO `lop` (`MA_LOP`, `MA_TRUONG`, `TEN_LOP`, `created_at`, `updated_at`) VALUES
(1, 11, 'Lớp 1A', '2017-04-25 10:20:20', '2017-04-25 10:20:20'),
(2, 4, 'Lớp 12A', '2017-04-25 17:20:38', '2017-04-25 17:20:38'),
(3, 19, 'Lớp 2A', '2017-04-26 17:12:28', '2017-04-26 17:12:28');

-- --------------------------------------------------------

--
-- Table structure for table `migrations`
--

CREATE TABLE `migrations` (
  `id` int(10) UNSIGNED NOT NULL,
  `migration` varchar(255) COLLATE utf8_unicode_ci NOT NULL,
  `batch` int(11) NOT NULL
) ENGINE=InnoDB DEFAULT CHARSET=utf8 COLLATE=utf8_unicode_ci;

--
-- Dumping data for table `migrations`
--

INSERT INTO `migrations` (`id`, `migration`, `batch`) VALUES
(1, '2014_10_12_100000_create_password_resets_table', 1),
(2, '2017_04_21_172020_loaicauhoi', 1),
(3, '2017_04_21_173246_de_thi', 1),
(4, '2017_04_21_173350_cauhoi', 1),
(5, '2017_04_21_174139_tinh_thanhpho', 1),
(6, '2017_04_21_174536_bac_hoc', 1),
(7, '2017_04_21_175107_quanhuyen', 1),
(8, '2017_04_21_175217_truong_table', 1),
(9, '2017_04_21_175321_lop_table', 1),
(10, '2017_04_21_180344_ket_qua', 1),
(11, '2017_04_21_180614_dap_an', 1),
(12, '2014_10_12_000000_create_users_table', 2),
(13, '2017_04_21_234612_loai_tintuc', 3),
(14, '2017_04_21_235253_tin_tuc', 4),
(15, '2017_04_22_000416_tintuc', 5),
(16, '2017_04_23_133926_gop_y', 6);

-- --------------------------------------------------------

--
-- Table structure for table `password_resets`
--

CREATE TABLE `password_resets` (
  `email` varchar(255) COLLATE utf8_unicode_ci NOT NULL,
  `token` varchar(255) COLLATE utf8_unicode_ci NOT NULL,
  `created_at` timestamp NULL DEFAULT NULL
) ENGINE=InnoDB DEFAULT CHARSET=utf8 COLLATE=utf8_unicode_ci;

-- --------------------------------------------------------

--
-- Table structure for table `quan_huyen`
--

CREATE TABLE `quan_huyen` (
  `MA_QH` int(10) UNSIGNED NOT NULL,
  `MA_TINH` int(10) UNSIGNED NOT NULL,
  `TEN_QH` varchar(255) COLLATE utf8_unicode_ci NOT NULL,
  `created_at` timestamp NULL DEFAULT NULL,
  `updated_at` timestamp NULL DEFAULT NULL
) ENGINE=InnoDB DEFAULT CHARSET=utf8 COLLATE=utf8_unicode_ci;

--
-- Dumping data for table `quan_huyen`
--

INSERT INTO `quan_huyen` (`MA_QH`, `MA_TINH`, `TEN_QH`, `created_at`, `updated_at`) VALUES
(1, 314, 'Vĩnh Châu', '2017-04-22 17:00:00', NULL),
(2790, 254, 'Ba Đình', NULL, NULL),
(2791, 254, 'Hoàn Kiếm', NULL, NULL),
(2792, 254, 'Tây Hồ', NULL, NULL),
(2793, 254, 'Long Biên', NULL, NULL),
(2794, 254, 'Cầu Giấy', NULL, NULL),
(2795, 254, 'Đống Đa', NULL, NULL),
(2796, 254, 'Hai Bà Trưng', NULL, NULL),
(2797, 254, 'Hoàng Mai', NULL, NULL),
(2798, 254, 'Thanh Xuân', NULL, NULL),
(2799, 254, 'Hà Đông', NULL, NULL),
(2800, 254, 'Sơn Tây', NULL, NULL),
(2801, 254, 'Sóc Sơn', NULL, NULL),
(2802, 254, 'Đông Anh', NULL, NULL),
(2803, 254, 'Gia Lâm', NULL, NULL),
(2804, 254, 'Từ Liêm', NULL, NULL),
(2805, 254, 'Thanh Trì', NULL, NULL),
(2806, 254, 'Mê Linh', NULL, NULL),
(2807, 254, 'Ba Vì', NULL, NULL),
(2808, 254, 'Phúc Thọ', NULL, NULL),
(2809, 254, 'Đan Phượng', NULL, NULL),
(2810, 254, 'Hoài Đức', NULL, NULL),
(2811, 254, 'Quốc Oai', NULL, NULL),
(2812, 254, 'Thạch Thất', NULL, NULL),
(2813, 254, 'Chương Mỹ', NULL, NULL),
(2814, 254, 'Thanh Oai', NULL, NULL),
(2815, 254, 'Thường Tín', NULL, NULL),
(2816, 254, 'Phú Xuyên', NULL, NULL),
(2817, 254, 'Ứng Hòa', NULL, NULL),
(2818, 254, 'Mỹ Đức', NULL, NULL),
(2819, 255, 'Hà Giang', NULL, NULL),
(2820, 255, 'Đồng Văn', NULL, NULL),
(2821, 255, 'Mèo Vạc', NULL, NULL),
(2822, 255, 'Yên Minh', NULL, NULL),
(2823, 255, 'Quản Bạ', NULL, NULL),
(2824, 255, 'Vị Xuyên', NULL, NULL),
(2825, 255, 'Bắc Mê', NULL, NULL),
(2826, 255, 'Hoàng Su Phì', NULL, NULL),
(2827, 255, 'Xín Mần', NULL, NULL),
(2828, 255, 'Bắc Quang', NULL, NULL),
(2829, 255, 'Quang Bình', NULL, NULL),
(2830, 256, 'Cao Bằng', NULL, NULL),
(2831, 256, 'Bảo Lâm', NULL, NULL),
(2832, 256, 'Bảo Lạc', NULL, NULL),
(2833, 256, 'Thông Nông', NULL, NULL),
(2834, 256, 'Hà Quảng', NULL, NULL),
(2835, 256, 'Trà Lĩnh', NULL, NULL),
(2836, 256, 'Trùng Khánh', NULL, NULL),
(2837, 256, 'Hạ Lang', NULL, NULL),
(2838, 256, 'Quảng Uyên', NULL, NULL),
(2839, 256, 'Phục Hoà', NULL, NULL),
(2840, 256, 'Hoà An', NULL, NULL),
(2841, 256, 'Nguyên Bình', NULL, NULL),
(2842, 256, 'Thạch An', NULL, NULL),
(2843, 257, 'Bắc Kạn', NULL, NULL),
(2844, 257, 'Pác Nặm', NULL, NULL),
(2845, 257, 'Ba Bể', NULL, NULL),
(2846, 257, 'Ngân Sơn', NULL, NULL),
(2847, 257, 'Bạch Thông', NULL, NULL),
(2848, 257, 'Chợ Đồn', NULL, NULL),
(2849, 257, 'Chợ Mới', NULL, NULL),
(2850, 257, 'Na Rì', NULL, NULL),
(2851, 258, 'Tuyên Quang', NULL, NULL),
(2852, 258, 'Nà Hang', NULL, NULL),
(2853, 258, 'Chiêm Hóa', NULL, NULL),
(2854, 258, 'Hàm Yên', NULL, NULL),
(2855, 258, 'Yên Sơn', NULL, NULL),
(2856, 258, 'Sơn Dương', NULL, NULL),
(2857, 259, 'Lào Cai', NULL, NULL),
(2858, 259, 'Bát Xát', NULL, NULL),
(2859, 259, 'Mường Khương', NULL, NULL),
(2860, 259, 'Si Ma Cai', NULL, NULL),
(2861, 259, 'Bắc Hà', NULL, NULL),
(2862, 259, 'Bảo Thắng', NULL, NULL),
(2863, 259, 'Bảo Yên', NULL, NULL),
(2864, 259, 'Sa Pa', NULL, NULL),
(2865, 259, 'Văn Bàn', NULL, NULL),
(2866, 260, 'Điện Biên Phủ', NULL, NULL),
(2867, 260, 'Mường Lay', NULL, NULL),
(2868, 260, 'Mường Nhé', NULL, NULL),
(2869, 260, 'Mường Chà', NULL, NULL),
(2870, 260, 'Tủa Chùa', NULL, NULL),
(2871, 260, 'Tuần Giáo', NULL, NULL),
(2872, 260, 'Điện Biên', NULL, NULL),
(2873, 260, 'Điện Biên Đông', NULL, NULL),
(2874, 260, 'Mường Ảng', NULL, NULL),
(2875, 261, 'Lai Châu', NULL, NULL),
(2876, 261, 'Tam Đường', NULL, NULL),
(2877, 261, 'Mường Tè', NULL, NULL),
(2878, 261, 'Sìn Hồ', NULL, NULL),
(2879, 261, 'Phong Thổ', NULL, NULL),
(2880, 261, 'Than Uyên', NULL, NULL),
(2881, 261, 'Tân Uyên', NULL, NULL),
(2882, 262, 'Sơn La', NULL, NULL),
(2883, 262, 'Quỳnh Nhai', NULL, NULL),
(2884, 262, 'Thuận Châu', NULL, NULL),
(2885, 262, 'Mường La', NULL, NULL),
(2886, 262, 'Bắc Yên', NULL, NULL),
(2887, 262, 'Phù Yên', NULL, NULL),
(2888, 262, 'Mộc Châu', NULL, NULL),
(2889, 262, 'Yên Châu', NULL, NULL),
(2890, 262, 'Mai Sơn', NULL, NULL),
(2891, 262, 'Sông Mã', NULL, NULL),
(2892, 262, 'Sốp Cộp', NULL, NULL),
(2893, 263, 'Yên Bái', NULL, NULL),
(2894, 263, 'Nghĩa Lộ', NULL, NULL),
(2895, 263, 'Lục Yên', NULL, NULL),
(2896, 263, 'Văn Yên', NULL, NULL),
(2897, 263, 'Mù Cang Chải', NULL, NULL),
(2898, 263, 'Trấn Yên', NULL, NULL),
(2899, 263, 'Trạm Tấu', NULL, NULL),
(2900, 263, 'Văn Chấn', NULL, NULL),
(2901, 263, 'Yên Bình', NULL, NULL),
(2902, 264, 'Hòa Bình', NULL, NULL),
(2903, 264, 'Đà Bắc', NULL, NULL),
(2904, 264, 'Kỳ Sơn', NULL, NULL),
(2905, 264, 'Lương Sơn', NULL, NULL),
(2906, 264, 'Kim Bôi', NULL, NULL),
(2907, 264, 'Cao Phong', NULL, NULL),
(2908, 264, 'Tân Lạc', NULL, NULL),
(2909, 264, 'Mai Châu', NULL, NULL),
(2910, 264, 'Lạc Sơn', NULL, NULL),
(2911, 264, 'Yên Thủy', NULL, NULL),
(2912, 264, 'Lạc Thủy', NULL, NULL),
(2913, 265, 'Thái Nguyên', NULL, NULL),
(2914, 265, 'Sông Công', NULL, NULL),
(2915, 265, 'Định Hóa', NULL, NULL),
(2916, 265, 'Phú Lương', NULL, NULL),
(2917, 265, 'Đồng Hỷ', NULL, NULL),
(2918, 265, 'Võ Nhai', NULL, NULL),
(2919, 265, 'Đại Từ', NULL, NULL),
(2920, 265, 'Phổ Yên', NULL, NULL),
(2921, 265, 'Phú Bình', NULL, NULL),
(2922, 266, 'Lạng Sơn', NULL, NULL),
(2923, 266, 'Tràng Định', NULL, NULL),
(2924, 266, 'Bình Gia', NULL, NULL),
(2925, 266, 'Văn Lãng', NULL, NULL),
(2926, 266, 'Cao Lộc', NULL, NULL),
(2927, 266, 'Văn Quan', NULL, NULL),
(2928, 266, 'Bắc Sơn', NULL, NULL),
(2929, 266, 'Hữu Lũng', NULL, NULL),
(2930, 266, 'Chi Lăng', NULL, NULL),
(2931, 266, 'Lộc Bình', NULL, NULL),
(2932, 266, 'Đình Lập', NULL, NULL),
(2933, 267, 'Hạ Long', NULL, NULL),
(2934, 267, 'Móng Cái', NULL, NULL),
(2935, 267, 'Cẩm Phả', NULL, NULL),
(2936, 267, 'Uông Bí', NULL, NULL),
(2937, 267, 'Bình Liêu', NULL, NULL),
(2938, 267, 'Tiên Yên', NULL, NULL),
(2939, 267, 'Đầm Hà', NULL, NULL),
(2940, 267, 'Hải Hà', NULL, NULL),
(2941, 267, 'Ba Chẽ', NULL, NULL),
(2942, 267, 'Vân Đồn', NULL, NULL),
(2943, 267, 'Hoành Bồ', NULL, NULL),
(2944, 267, 'Đông Triều', NULL, NULL),
(2945, 267, 'Yên Hưng', NULL, NULL),
(2946, 267, 'Cô Tô', NULL, NULL),
(2947, 268, 'Bắc Giang', NULL, NULL),
(2948, 268, 'Yên Thế', NULL, NULL),
(2949, 268, 'Tân Yên', NULL, NULL),
(2950, 268, 'Lạng Giang', NULL, NULL),
(2951, 268, 'Lục Nam', NULL, NULL),
(2952, 268, 'Lục Ngạn', NULL, NULL),
(2953, 268, 'Sơn Động', NULL, NULL),
(2954, 268, 'Yên Dũng', NULL, NULL),
(2955, 268, 'Việt Yên', NULL, NULL),
(2956, 268, 'Hiệp Hòa', NULL, NULL),
(2957, 269, 'Việt Trì', NULL, NULL),
(2958, 269, 'Phú Thọ', NULL, NULL),
(2959, 269, 'Đoan Hùng', NULL, NULL),
(2960, 269, 'Hạ Hoà', NULL, NULL),
(2961, 269, 'Thanh Ba', NULL, NULL),
(2962, 269, 'Phù Ninh', NULL, NULL),
(2963, 269, 'Yên Lập', NULL, NULL),
(2964, 269, 'Cẩm Khê', NULL, NULL),
(2965, 269, 'Tam Nông', NULL, NULL),
(2966, 269, 'Lâm Thao', NULL, NULL),
(2967, 269, 'Thanh Sơn', NULL, NULL),
(2968, 269, 'Thanh Thuỷ', NULL, NULL),
(2969, 269, 'Tân Sơn', NULL, NULL),
(2970, 270, 'Vĩnh Yên', NULL, NULL),
(2971, 270, 'Phúc Yên', NULL, NULL),
(2972, 270, 'Lập Thạch', NULL, NULL),
(2973, 270, 'Tam Dương', NULL, NULL),
(2974, 270, 'Tam Đảo', NULL, NULL),
(2975, 270, 'Bình Xuyên', NULL, NULL),
(2976, 270, 'Yên Lạc', NULL, NULL),
(2977, 270, 'Vĩnh Tường', NULL, NULL),
(2978, 270, 'Sông Lô', NULL, NULL),
(2979, 271, 'Bắc Ninh', NULL, NULL),
(2980, 271, 'Từ Sơn', NULL, NULL),
(2981, 271, 'Yên Phong', NULL, NULL),
(2982, 271, 'Quế Võ', NULL, NULL),
(2983, 271, 'Tiên Du', NULL, NULL),
(2984, 271, 'Thuận Thành', NULL, NULL),
(2985, 271, 'Gia Bình', NULL, NULL),
(2986, 271, 'Lương Tài', NULL, NULL),
(2987, 272, 'Hải Dương', NULL, NULL),
(2988, 272, 'Chí Linh', NULL, NULL),
(2989, 272, 'Nam Sách', NULL, NULL),
(2990, 272, 'Kinh Môn', NULL, NULL),
(2991, 272, 'Kim Thành', NULL, NULL),
(2992, 272, 'Thanh Hà', NULL, NULL),
(2993, 272, 'Cẩm Giàng', NULL, NULL),
(2994, 272, 'Bình Giang', NULL, NULL),
(2995, 272, 'Gia Lộc', NULL, NULL),
(2996, 272, 'Tứ Kỳ', NULL, NULL),
(2997, 272, 'Ninh Giang', NULL, NULL),
(2998, 272, 'Thanh Miện', NULL, NULL),
(2999, 273, 'Hồng Bàng', NULL, NULL),
(3000, 273, 'Ngô Quyền', NULL, NULL),
(3001, 273, 'Lê Chân', NULL, NULL),
(3002, 273, 'Hải An', NULL, NULL),
(3003, 273, 'Kiến An', NULL, NULL),
(3004, 273, 'Đồ Sơn', NULL, NULL),
(3005, 273, 'Kinh Dương', NULL, NULL),
(3006, 273, 'Thuỷ Nguyên', NULL, NULL),
(3007, 273, 'An Dương', NULL, NULL),
(3008, 273, 'An Lão', NULL, NULL),
(3009, 273, 'Kiến Thụy', NULL, NULL),
(3010, 273, 'Tiên Lãng', NULL, NULL),
(3011, 273, 'Vĩnh Bảo', NULL, NULL),
(3012, 273, 'Cát Hải', NULL, NULL),
(3013, 273, 'Bạch Long Vĩ', NULL, NULL),
(3014, 274, 'Hưng Yên', NULL, NULL),
(3015, 274, 'Văn Lâm', NULL, NULL),
(3016, 274, 'Văn Giang', NULL, NULL),
(3017, 274, 'Yên Mỹ', NULL, NULL),
(3018, 274, 'Mỹ Hào', NULL, NULL),
(3019, 274, 'Ân Thi', NULL, NULL),
(3020, 274, 'Khoái Châu', NULL, NULL),
(3021, 274, 'Kim Động', NULL, NULL),
(3022, 274, 'Tiên Lữ', NULL, NULL),
(3023, 274, 'Phù Cừ', NULL, NULL),
(3024, 275, 'Thái Bình', NULL, NULL),
(3025, 275, 'Quỳnh Phụ', NULL, NULL),
(3026, 275, 'Hưng Hà', NULL, NULL),
(3027, 275, 'Đông Hưng', NULL, NULL),
(3028, 275, 'Thái Thụy', NULL, NULL),
(3029, 275, 'Tiền Hải', NULL, NULL),
(3030, 275, 'Kiến Xương', NULL, NULL),
(3031, 275, 'Vũ Thư', NULL, NULL),
(3032, 276, 'Phủ Lý', NULL, NULL),
(3033, 276, 'Duy Tiên', NULL, NULL),
(3034, 276, 'Kim Bảng', NULL, NULL),
(3035, 276, 'Thanh Liêm', NULL, NULL),
(3036, 276, 'Bình Lục', NULL, NULL),
(3037, 276, 'Lý Nhân', NULL, NULL),
(3038, 277, 'Nam Định', NULL, NULL),
(3039, 277, 'Mỹ Lộc', NULL, NULL),
(3040, 277, 'Vụ Bản', NULL, NULL),
(3041, 277, 'Ý Yên', NULL, NULL),
(3042, 277, 'Nghĩa Hưng', NULL, NULL),
(3043, 277, 'Nam Trực', NULL, NULL),
(3044, 277, 'Trực Ninh', NULL, NULL),
(3045, 277, 'Xuân Trường', NULL, NULL),
(3046, 277, 'Giao Thủy', NULL, NULL),
(3047, 277, 'Hải Hậu', NULL, NULL),
(3048, 278, 'Ninh Bình', NULL, NULL),
(3049, 278, 'Tam Điệp', NULL, NULL),
(3050, 278, 'Nho Quan', NULL, NULL),
(3051, 278, 'Gia Viễn', NULL, NULL),
(3052, 278, 'Hoa Lư', NULL, NULL),
(3053, 278, 'Yên Khánh', NULL, NULL),
(3054, 278, 'Kim Sơn', NULL, NULL),
(3055, 278, 'Yên Mô', NULL, NULL),
(3056, 279, 'Thanh Hóa', NULL, NULL),
(3057, 279, 'Bỉm Sơn', NULL, NULL),
(3058, 279, 'Sầm Sơn', NULL, NULL),
(3059, 279, 'Mường Lát', NULL, NULL),
(3060, 279, 'Quan Hóa', NULL, NULL),
(3061, 279, 'Bá Thước', NULL, NULL),
(3062, 279, 'Quan Sơn', NULL, NULL),
(3063, 279, 'Lang Chánh', NULL, NULL),
(3064, 279, 'Ngọc Lặc', NULL, NULL),
(3065, 279, 'Cẩm Thủy', NULL, NULL),
(3066, 279, 'Thạch Thành', NULL, NULL),
(3067, 279, 'Hà Trung', NULL, NULL),
(3068, 279, 'Vĩnh Lộc', NULL, NULL),
(3069, 279, 'Yên Định', NULL, NULL),
(3070, 279, 'Thọ Xuân', NULL, NULL),
(3071, 279, 'Thường Xuân', NULL, NULL),
(3072, 279, 'Triệu Sơn', NULL, NULL),
(3073, 279, 'Thiệu Hoá', NULL, NULL),
(3074, 279, 'Hoằng Hóa', NULL, NULL),
(3075, 279, 'Hậu Lộc', NULL, NULL),
(3076, 279, 'Nga Sơn', NULL, NULL),
(3077, 279, 'Như Xuân', NULL, NULL),
(3078, 279, 'Như Thanh', NULL, NULL),
(3079, 279, 'Nông Cống', NULL, NULL),
(3080, 279, 'Đông Sơn', NULL, NULL),
(3081, 279, 'Quảng Xương', NULL, NULL),
(3082, 279, 'Tĩnh Gia', NULL, NULL),
(3083, 280, 'Vinh', NULL, NULL),
(3084, 280, 'Cửa Lò', NULL, NULL),
(3085, 280, 'Thái Hoà', NULL, NULL),
(3086, 280, 'Quế Phong', NULL, NULL),
(3087, 280, 'Quỳ Châu', NULL, NULL),
(3088, 280, 'Kỳ Sơn', NULL, NULL),
(3089, 280, 'Tương Dương', NULL, NULL),
(3090, 280, 'Nghĩa Đàn', NULL, NULL),
(3091, 280, 'Quỳ Hợp', NULL, NULL),
(3092, 280, 'Quỳnh Lưu', NULL, NULL),
(3093, 280, 'Con Cuông', NULL, NULL),
(3094, 280, 'Tân Kỳ', NULL, NULL),
(3095, 280, 'Anh Sơn', NULL, NULL),
(3096, 280, 'Diễn Châu', NULL, NULL),
(3097, 280, 'Yên Thành', NULL, NULL),
(3098, 280, 'Đô Lương', NULL, NULL),
(3099, 280, 'Thanh Chương', NULL, NULL),
(3100, 280, 'Nghi Lộc', NULL, NULL),
(3101, 280, 'Nam Đàn', NULL, NULL),
(3102, 280, 'Hưng Nguyên', NULL, NULL),
(3103, 281, 'Hà Tĩnh', NULL, NULL),
(3104, 281, 'Hồng Lĩnh', NULL, NULL),
(3105, 281, 'Hương Sơn', NULL, NULL),
(3106, 281, 'Đức Thọ', NULL, NULL),
(3107, 281, 'Vũ Quang', NULL, NULL),
(3108, 281, 'Nghi Xuân', NULL, NULL),
(3109, 281, 'Can Lộc', NULL, NULL),
(3110, 281, 'Hương Khê', NULL, NULL),
(3111, 281, 'Thạch Hà', NULL, NULL),
(3112, 281, 'Cẩm Xuyên', NULL, NULL),
(3113, 281, 'Kỳ Anh', NULL, NULL),
(3114, 281, 'Lộc Hà', NULL, NULL),
(3115, 282, 'Đồng Hới', NULL, NULL),
(3116, 282, 'Minh Hóa', NULL, NULL),
(3117, 282, 'Tuyên Hóa', NULL, NULL),
(3118, 282, 'Quảng Trạch', NULL, NULL),
(3119, 282, 'Bố Trạch', NULL, NULL),
(3120, 282, 'Quảng Ninh', NULL, NULL),
(3121, 282, 'Lệ Thủy', NULL, NULL),
(3122, 283, 'Đông Hà', NULL, NULL),
(3123, 283, 'Quảng Trị', NULL, NULL),
(3124, 283, 'Vĩnh Linh', NULL, NULL),
(3125, 283, 'Hướng Hóa', NULL, NULL),
(3126, 283, 'Gio Linh', NULL, NULL),
(3127, 283, 'Đa Krông', NULL, NULL),
(3128, 283, 'Cam Lộ', NULL, NULL),
(3129, 283, 'Triệu Phong', NULL, NULL),
(3130, 283, 'Hải Lăng', NULL, NULL),
(3131, 283, 'Cồn Cỏ', NULL, NULL),
(3132, 284, 'Huế', NULL, NULL),
(3133, 284, 'Phong Điền', NULL, NULL),
(3134, 284, 'Quảng Điền', NULL, NULL),
(3135, 284, 'Phú Vang', NULL, NULL),
(3136, 284, 'Hương Thủy', NULL, NULL),
(3137, 284, 'Hương Trà', NULL, NULL),
(3138, 284, 'A Lưới', NULL, NULL),
(3139, 284, 'Phú Lộc', NULL, NULL),
(3140, 284, 'Nam Đông', NULL, NULL),
(3141, 285, 'Liên Chiểu', NULL, NULL),
(3142, 285, 'Thanh Khê', NULL, NULL),
(3143, 285, 'Hải Châu', NULL, NULL),
(3144, 285, 'Sơn Trà', NULL, NULL),
(3145, 285, 'Ngũ Hành Sơn', NULL, NULL),
(3146, 285, 'Cẩm Lệ', NULL, NULL),
(3147, 285, 'Hoà Vang', NULL, NULL),
(3148, 285, 'Hoàng Sa', NULL, NULL),
(3149, 253, 'Tam Kỳ', NULL, NULL),
(3150, 253, 'Hội An', NULL, NULL),
(3151, 253, 'Tây Giang', NULL, NULL),
(3152, 253, 'Đông Giang', NULL, NULL),
(3153, 253, 'Đại Lộc', NULL, NULL),
(3154, 253, 'Điện Bàn', NULL, NULL),
(3155, 253, 'Duy Xuyên', NULL, NULL),
(3156, 253, 'Quế Sơn', NULL, NULL),
(3157, 253, 'Nam Giang', NULL, NULL),
(3158, 253, 'Phước Sơn', NULL, NULL),
(3159, 253, 'Hiệp Đức', NULL, NULL),
(3160, 253, 'Thăng Bình', NULL, NULL),
(3161, 253, 'Tiên Phước', NULL, NULL),
(3162, 253, 'Bắc Trà My', NULL, NULL),
(3163, 253, 'Nam Trà My', NULL, NULL),
(3164, 253, 'Núi Thành', NULL, NULL),
(3165, 253, 'Phú Ninh', NULL, NULL),
(3166, 253, 'Nông Sơn', NULL, NULL),
(3167, 287, 'Quảng Ngãi', NULL, NULL),
(3168, 287, 'Bình Sơn', NULL, NULL),
(3169, 287, 'Trà Bồng', NULL, NULL),
(3170, 287, 'Tây Trà', NULL, NULL),
(3171, 287, 'Sơn Tịnh', NULL, NULL),
(3172, 287, 'Tư Nghĩa', NULL, NULL),
(3173, 287, 'Sơn Hà', NULL, NULL),
(3174, 287, 'Sơn Tây', NULL, NULL),
(3175, 287, 'Minh Long', NULL, NULL),
(3176, 287, 'Nghĩa Hành', NULL, NULL),
(3177, 287, 'Mộ Đức', NULL, NULL),
(3178, 287, 'Đức Phổ', NULL, NULL),
(3179, 287, 'Ba Tơ', NULL, NULL),
(3180, 287, 'Lý Sơn', NULL, NULL),
(3181, 288, 'Qui Nhơn', NULL, NULL),
(3182, 288, 'An Lão', NULL, NULL),
(3183, 288, 'Hoài Nhơn', NULL, NULL),
(3184, 288, 'Hoài Ân', NULL, NULL),
(3185, 288, 'Phù Mỹ', NULL, NULL),
(3186, 288, 'Vĩnh Thạnh', NULL, NULL),
(3187, 288, 'Tây Sơn', NULL, NULL),
(3188, 288, 'Phù Cát', NULL, NULL),
(3189, 288, 'An Nhơn', NULL, NULL),
(3190, 288, 'Tuy Phước', NULL, NULL),
(3191, 288, 'Vân Canh', NULL, NULL),
(3192, 289, 'Tuy Hòa', NULL, NULL),
(3193, 289, 'Sông Cầu', NULL, NULL),
(3194, 289, 'Đồng Xuân', NULL, NULL),
(3195, 289, 'Tuy An', NULL, NULL),
(3196, 289, 'Sơn Hòa', NULL, NULL),
(3197, 289, 'Sông Hinh', NULL, NULL),
(3198, 289, 'Tây Hoà', NULL, NULL),
(3199, 289, 'Phú Hoà', NULL, NULL),
(3200, 289, 'Đông Hoà', NULL, NULL),
(3201, 290, 'Nha Trang', NULL, NULL),
(3202, 290, 'Cam Ranh', NULL, NULL),
(3203, 290, 'Cam Lâm', NULL, NULL),
(3204, 290, 'Vạn Ninh', NULL, NULL),
(3205, 290, 'Ninh Hòa', NULL, NULL),
(3206, 290, 'Khánh Vĩnh', NULL, NULL),
(3207, 290, 'Diên Khánh', NULL, NULL),
(3208, 290, 'Khánh Sơn', NULL, NULL),
(3209, 290, 'Trường Sa', NULL, NULL),
(3210, 291, 'Phan Rang-Tháp Chàm', NULL, NULL),
(3211, 291, 'Bác Ái', NULL, NULL),
(3212, 291, 'Ninh Sơn', NULL, NULL),
(3213, 291, 'Ninh Hải', NULL, NULL),
(3214, 291, 'Ninh Phước', NULL, NULL),
(3215, 291, 'Thuận Bắc', NULL, NULL),
(3216, 291, 'Thuận Nam', NULL, NULL),
(3217, 292, 'Phan Thiết', NULL, NULL),
(3218, 292, 'La Gi', NULL, NULL),
(3219, 292, 'Tuy Phong', NULL, NULL),
(3220, 292, 'Bắc Bình', NULL, NULL),
(3221, 292, 'Hàm Thuận Bắc', NULL, NULL),
(3222, 292, 'Hàm Thuận Nam', NULL, NULL),
(3223, 292, 'Tánh Linh', NULL, NULL),
(3224, 292, 'Đức Linh', NULL, NULL),
(3225, 292, 'Hàm Tân', NULL, NULL),
(3226, 292, 'Phú Quí', NULL, NULL),
(3227, 293, 'Kon Tum', NULL, NULL),
(3228, 293, 'Đắk Glei', NULL, NULL),
(3229, 293, 'Ngọc Hồi', NULL, NULL),
(3230, 293, 'Đắk Tô', NULL, NULL),
(3231, 293, 'Kon Plông', NULL, NULL),
(3232, 293, 'Kon Rẫy', NULL, NULL),
(3233, 293, 'Đắk Hà', NULL, NULL),
(3234, 293, 'Sa Thầy', NULL, NULL),
(3235, 293, 'Tu Mơ Rông', NULL, NULL),
(3236, 294, 'Pleiku', NULL, NULL),
(3237, 294, 'An Khê', NULL, NULL),
(3238, 294, 'Ayun Pa', NULL, NULL),
(3239, 294, 'Kbang', NULL, NULL),
(3240, 294, 'Đăk Đoa', NULL, NULL),
(3241, 294, 'Chư Păh', NULL, NULL),
(3242, 294, 'Ia Grai', NULL, NULL),
(3243, 294, 'Mang Yang', NULL, NULL),
(3244, 294, 'Kông Chro', NULL, NULL),
(3245, 294, 'Đức Cơ', NULL, NULL),
(3246, 294, 'Chư Prông', NULL, NULL),
(3247, 294, 'Chư Sê', NULL, NULL),
(3248, 294, 'Đăk Pơ', NULL, NULL),
(3249, 294, 'Ia Pa', NULL, NULL),
(3250, 294, 'Krông Pa', NULL, NULL),
(3251, 294, 'Phú Thiện', NULL, NULL),
(3252, 294, 'Chư Pưh', NULL, NULL),
(3253, 295, 'Buôn Ma Thuột', NULL, NULL),
(3254, 295, 'Buôn Hồ', NULL, NULL),
(3255, 295, 'Ea H\'leo', NULL, NULL),
(3256, 295, 'Ea Súp', NULL, NULL),
(3257, 295, 'Buôn Đôn', NULL, NULL),
(3258, 295, 'Cư M\'gar', NULL, NULL),
(3259, 295, 'Krông Búk', NULL, NULL),
(3260, 295, 'Krông Năng', NULL, NULL),
(3261, 295, 'Ea Kar', NULL, NULL),
(3262, 295, 'M\'đrắk', NULL, NULL),
(3263, 295, 'Krông Bông', NULL, NULL),
(3264, 295, 'Krông Pắc', NULL, NULL),
(3265, 295, 'Krông A Na', NULL, NULL),
(3266, 295, 'Lắk', NULL, NULL),
(3267, 295, 'Cư Kuin', NULL, NULL),
(3268, 296, 'Gia Nghĩa', NULL, NULL),
(3269, 296, 'Đắk Glong', NULL, NULL),
(3270, 296, 'Cư Jút', NULL, NULL),
(3271, 296, 'Đắk Mil', NULL, NULL),
(3272, 296, 'Krông Nô', NULL, NULL),
(3273, 296, 'Đắk Song', NULL, NULL),
(3274, 296, 'Đắk R\'lấp', NULL, NULL),
(3275, 296, 'Tuy Đức', NULL, NULL),
(3276, 297, 'Đà Lạt', NULL, NULL),
(3277, 297, 'Bảo Lộc', NULL, NULL),
(3278, 297, 'Đam Rông', NULL, NULL),
(3279, 297, 'Lạc Dương', NULL, NULL),
(3280, 297, 'Lâm Hà', NULL, NULL),
(3281, 297, 'Đơn Dương', NULL, NULL),
(3282, 297, 'Đức Trọng', NULL, NULL),
(3283, 297, 'Di Linh', NULL, NULL),
(3284, 297, 'Bảo Lâm', NULL, NULL),
(3285, 297, 'Đạ Huoai', NULL, NULL),
(3286, 297, 'Đạ Tẻh', NULL, NULL),
(3287, 297, 'Cát Tiên', NULL, NULL),
(3288, 298, 'Đồng Xoài', NULL, NULL),
(3289, 298, 'Phước Long', NULL, NULL),
(3290, 298, 'Bình Long', NULL, NULL),
(3291, 298, 'Bù Gia Mập', NULL, NULL),
(3292, 298, 'Lộc Ninh', NULL, NULL),
(3293, 298, 'Bù Đốp', NULL, NULL),
(3294, 298, 'Hớn Quản', NULL, NULL),
(3295, 298, 'Đồng Phù', NULL, NULL),
(3296, 298, 'Bù Đăng', NULL, NULL),
(3297, 298, 'Chơn Thành', NULL, NULL),
(3298, 299, 'Tây Ninh', NULL, NULL),
(3299, 299, 'Tân Biên', NULL, NULL),
(3300, 299, 'Tân Châu', NULL, NULL),
(3301, 299, 'Dương Minh Châu', NULL, NULL),
(3302, 299, 'Châu Thành', NULL, NULL),
(3303, 299, 'Hòa Thành', NULL, NULL),
(3304, 299, 'Gò Dầu', NULL, NULL),
(3305, 299, 'Bến Cầu', NULL, NULL),
(3306, 299, 'Trảng Bàng', NULL, NULL),
(3307, 300, 'Thủ Dầu Một', NULL, NULL),
(3308, 300, 'Dầu Tiếng', NULL, NULL),
(3309, 300, 'Bến Cát', NULL, NULL),
(3310, 300, 'Phú Giáo', NULL, NULL),
(3311, 300, 'Tân Uyên', NULL, NULL),
(3312, 300, 'Dĩ An', NULL, NULL),
(3313, 300, 'Thuận An', NULL, NULL),
(3314, 301, 'Biên Hòa', NULL, NULL),
(3315, 301, 'Long Khánh', NULL, NULL),
(3316, 301, 'Tân Phú', NULL, NULL),
(3317, 301, 'Vĩnh Cửu', NULL, NULL),
(3318, 301, 'Định Quán', NULL, NULL),
(3319, 301, 'Trảng Bom', NULL, NULL),
(3320, 301, 'Thống Nhất', NULL, NULL),
(3321, 301, 'Cẩm Mỹ', NULL, NULL),
(3322, 301, 'Long Thành', NULL, NULL),
(3323, 301, 'Xuân Lộc', NULL, NULL),
(3324, 301, 'Nhơn Trạch', NULL, NULL),
(3325, 302, 'Vũng Tầu', NULL, NULL),
(3326, 302, 'Bà Rịa', NULL, NULL),
(3327, 302, 'Châu Đức', NULL, NULL),
(3328, 302, 'Xuyên Mộc', NULL, NULL),
(3329, 302, 'Long Điền', NULL, NULL),
(3330, 302, 'Đất Đỏ', NULL, NULL),
(3331, 302, 'Tân Thành', NULL, NULL),
(3332, 302, 'Côn Đảo', NULL, NULL),
(3333, 303, '1', NULL, NULL),
(3334, 303, '12', NULL, NULL),
(3335, 303, 'Thủ Đức', NULL, NULL),
(3336, 303, '9', NULL, NULL),
(3337, 303, 'Gò Vấp', NULL, NULL),
(3338, 303, 'Bình Thạnh', NULL, NULL),
(3339, 303, 'Tân Bình', NULL, NULL),
(3340, 303, 'Tân Phú', NULL, NULL),
(3341, 303, 'Phú Nhuận', NULL, NULL),
(3342, 303, '2', NULL, NULL),
(3343, 303, '3', NULL, NULL),
(3344, 303, '10', NULL, NULL),
(3345, 303, '11', NULL, NULL),
(3346, 303, '4', NULL, NULL),
(3347, 303, '5', NULL, NULL),
(3348, 303, '6', NULL, NULL),
(3349, 303, '8', NULL, NULL),
(3350, 303, 'Bình Tân', NULL, NULL),
(3351, 303, '7', NULL, NULL),
(3352, 303, 'Củ Chi', NULL, NULL),
(3353, 303, 'Hóc Môn', NULL, NULL),
(3354, 303, 'Bình Chánh', NULL, NULL),
(3355, 303, 'Nhà Bè', NULL, NULL),
(3356, 303, 'Cần Giờ', NULL, NULL),
(3357, 304, 'Tân An', NULL, NULL),
(3358, 304, 'Tân Hưng', NULL, NULL),
(3359, 304, 'Vĩnh Hưng', NULL, NULL),
(3360, 304, 'Mộc Hóa', NULL, NULL),
(3361, 304, 'Tân Thạnh', NULL, NULL),
(3362, 304, 'Thạnh Hóa', NULL, NULL),
(3363, 304, 'Đức Huệ', NULL, NULL),
(3364, 304, 'Đức Hòa', NULL, NULL),
(3365, 304, 'Bến Lức', NULL, NULL),
(3366, 304, 'Thủ Thừa', NULL, NULL),
(3367, 304, 'Tân Trụ', NULL, NULL),
(3368, 304, 'Cần Đước', NULL, NULL),
(3369, 304, 'Cần Giuộc', NULL, NULL),
(3370, 304, 'Châu Thành', NULL, NULL),
(3371, 305, 'Mỹ Tho', NULL, NULL),
(3372, 305, 'Gò Công', NULL, NULL),
(3373, 305, 'Tân Phước', NULL, NULL),
(3374, 305, 'Cái Bè', NULL, NULL),
(3375, 305, 'Cai Lậy', NULL, NULL),
(3376, 305, 'Châu Thành', NULL, NULL),
(3377, 305, 'Chợ Gạo', NULL, NULL),
(3378, 305, 'Gò Công Tây', NULL, NULL),
(3379, 305, 'Gò Công Đông', NULL, NULL),
(3380, 305, 'Tân Phú Đông', NULL, NULL),
(3381, 306, 'Bến Tre', NULL, NULL),
(3382, 306, 'Châu Thành', NULL, NULL),
(3383, 306, 'Chợ Lách', NULL, NULL),
(3384, 306, 'Mỏ Cày Nam', NULL, NULL),
(3385, 306, 'Giồng Trôm', NULL, NULL),
(3386, 306, 'Bình Đại', NULL, NULL),
(3387, 306, 'Ba Tri', NULL, NULL),
(3388, 306, 'Thạnh Phú', NULL, NULL),
(3389, 306, 'Mỏ Cày Bắc', NULL, NULL),
(3390, 307, 'Trà Vinh', NULL, NULL),
(3391, 307, 'Càng Long', NULL, NULL),
(3392, 307, 'Cầu Kè', NULL, NULL),
(3393, 307, 'Tiểu Cần', NULL, NULL),
(3394, 307, 'Châu Thành', NULL, NULL),
(3395, 307, 'Cầu Ngang', NULL, NULL),
(3396, 307, 'Trà Cú', NULL, NULL),
(3397, 307, 'Duyên Hải', NULL, NULL),
(3398, 308, 'Vĩnh Long', NULL, NULL),
(3399, 308, 'Long Hồ', NULL, NULL),
(3400, 308, 'Mang Thít', NULL, NULL),
(3401, 308, 'Vũng Liêm', NULL, NULL),
(3402, 308, 'Tam Bình', NULL, NULL),
(3403, 308, 'Bình Minh', NULL, NULL),
(3404, 308, 'Trà Ôn', NULL, NULL),
(3405, 308, 'Bình Tân', NULL, NULL),
(3406, 309, 'Cao Lãnh', NULL, NULL),
(3407, 309, 'Sa Đéc', NULL, NULL),
(3408, 309, 'Hồng Ngự', NULL, NULL),
(3409, 309, 'Tân Hồng', NULL, NULL),
(3410, 309, 'Hồng Ngự', NULL, NULL),
(3411, 309, 'Tam Nông', NULL, NULL),
(3412, 309, 'Tháp Mười', NULL, NULL),
(3413, 309, 'Cao Lãnh', NULL, NULL),
(3414, 309, 'Thanh Bình', NULL, NULL),
(3415, 309, 'Lấp Vò', NULL, NULL),
(3416, 309, 'Lai Vung', NULL, NULL),
(3417, 309, 'Châu Thành', NULL, NULL),
(3418, 310, 'Long Xuyên', NULL, NULL),
(3419, 310, 'Châu Đốc', NULL, NULL),
(3420, 310, 'An Phú', NULL, NULL),
(3421, 310, 'Tân Châu', NULL, NULL),
(3422, 310, 'Phú Tân', NULL, NULL),
(3423, 310, 'Châu Phú', NULL, NULL),
(3424, 310, 'Tịnh Biên', NULL, NULL),
(3425, 310, 'Tri Tôn', NULL, NULL),
(3426, 310, 'Châu Thành', NULL, NULL),
(3427, 310, 'Chợ Mới', NULL, NULL),
(3428, 310, 'Thoại Sơn', NULL, NULL),
(3429, 311, 'Rạch Giá', NULL, NULL),
(3430, 311, 'Hà Tiên', NULL, NULL),
(3431, 311, 'Kiên Lương', NULL, NULL),
(3432, 311, 'Hòn Đất', NULL, NULL),
(3433, 311, 'Tân Hiệp', NULL, NULL),
(3434, 311, 'Châu Thành', NULL, NULL),
(3435, 311, 'Giồng Giềng', NULL, NULL),
(3436, 311, 'Gò Quao', NULL, NULL),
(3437, 311, 'An Biên', NULL, NULL),
(3438, 311, 'An Minh', NULL, NULL),
(3439, 311, 'Vĩnh Thuận', NULL, NULL),
(3440, 311, 'Phú Quốc', NULL, NULL),
(3441, 311, 'Kiên Hải', NULL, NULL),
(3442, 311, 'U Minh Thượng', NULL, NULL),
(3443, 311, 'Giang Thành', NULL, NULL),
(3444, 312, 'Ninh Kiều', NULL, NULL),
(3445, 312, 'Ô Môn', NULL, NULL),
(3446, 312, 'Bình Thuỷ', NULL, NULL),
(3447, 312, 'Cái Răng', NULL, NULL),
(3448, 312, 'Thốt Nốt', NULL, NULL),
(3449, 312, 'Vĩnh Thạnh', NULL, NULL),
(3450, 312, 'Cờ Đỏ', NULL, NULL),
(3451, 312, 'Phong Điền', NULL, NULL),
(3452, 312, 'Thới Lai', NULL, NULL),
(3453, 313, 'Vị Thanh', NULL, NULL),
(3454, 313, 'Ngã Bảy', NULL, NULL),
(3455, 313, 'Châu Thành A', NULL, NULL),
(3456, 313, 'Châu Thành', NULL, NULL),
(3457, 313, 'Phụng Hiệp', NULL, NULL),
(3458, 313, 'Vị Thuỷ', NULL, NULL),
(3459, 313, 'Long Mỹ', NULL, NULL),
(3460, 314, 'Sóc Trăng', NULL, NULL),
(3461, 314, 'Châu Thành', NULL, NULL),
(3462, 314, 'Kế Sách', NULL, NULL),
(3463, 314, 'Mỹ Tú', NULL, NULL),
(3464, 314, 'Cù Lao Dung', NULL, NULL),
(3465, 314, 'Long Phú', NULL, NULL),
(3466, 314, 'Mỹ Xuyên', NULL, NULL),
(3467, 314, 'Ngã Năm', NULL, NULL),
(3468, 314, 'Thạnh Trị', NULL, NULL),
(3470, 314, 'Trần Đề', NULL, NULL),
(3471, 315, 'Bạc Liêu', NULL, NULL),
(3472, 315, 'Hồng Dân', NULL, NULL),
(3473, 315, 'Phước Long', NULL, NULL),
(3474, 315, 'Vĩnh Lợi', NULL, NULL),
(3475, 315, 'Giá Rai', NULL, NULL),
(3476, 315, 'Đông Hải', NULL, NULL),
(3477, 315, 'Hoà Bình', NULL, NULL),
(3478, 316, 'Cà Mau', NULL, NULL),
(3479, 316, 'U Minh', NULL, NULL),
(3480, 316, 'Thới Bình', NULL, NULL),
(3481, 316, 'Trần Văn Thời', NULL, NULL),
(3482, 316, 'Cái Nước', NULL, NULL),
(3483, 316, 'Đầm Dơi', NULL, NULL),
(3484, 316, 'Năm Căn', NULL, NULL),
(3485, 316, 'Phú Tân', NULL, NULL),
(3486, 316, 'Ngọc Hiển', NULL, NULL);

-- --------------------------------------------------------

--
-- Table structure for table `tinh_thanhpho`
--

CREATE TABLE `tinh_thanhpho` (
  `MA_TINH` int(10) UNSIGNED NOT NULL,
  `TEN_TINH` varchar(255) COLLATE utf8_unicode_ci NOT NULL,
  `created_at` timestamp NULL DEFAULT NULL,
  `updated_at` timestamp NULL DEFAULT NULL
) ENGINE=InnoDB DEFAULT CHARSET=utf8 COLLATE=utf8_unicode_ci;

--
-- Dumping data for table `tinh_thanhpho`
--

INSERT INTO `tinh_thanhpho` (`MA_TINH`, `TEN_TINH`, `created_at`, `updated_at`) VALUES
(253, 'Quảng Nam', '2017-04-22 17:00:00', NULL),
(254, 'Hà Nội', '2017-04-22 17:00:00', NULL),
(255, 'Hà Giang', '2017-04-22 17:00:00', NULL),
(256, 'Cao Bằng', '2017-04-22 17:00:00', NULL),
(257, 'Bắc Kạn', '2017-04-22 17:00:00', NULL),
(258, 'Tuyên Quang', '2017-04-22 17:00:00', NULL),
(259, 'Lào Cai', '2017-04-22 17:00:00', NULL),
(260, 'Điện Biên', '2017-04-22 17:00:00', NULL),
(261, 'Lai Châu', '2017-04-22 17:00:00', NULL),
(262, 'Sơn La', '2017-04-22 17:00:00', NULL),
(263, 'Yên Bái', '2017-04-22 17:00:00', NULL),
(264, 'Hòa Bình', '2017-04-22 17:00:00', NULL),
(265, 'Thái Nguyên', '2017-04-22 17:00:00', NULL),
(266, 'Lạng Sơn', '2017-04-22 17:00:00', NULL),
(267, 'Quảng Ninh', '2017-04-22 17:00:00', NULL),
(268, 'Bắc Giang', '2017-04-22 17:00:00', NULL),
(269, 'Phú Thọ', '2017-04-22 17:00:00', NULL),
(270, 'Vĩnh Phúc', '2017-04-22 17:00:00', NULL),
(271, 'Bắc Ninh', '2017-04-22 17:00:00', NULL),
(272, 'Hải Dương', '2017-04-22 17:00:00', NULL),
(273, 'Hải Phòng', '2017-04-22 17:00:00', NULL),
(274, 'Hưng Yên', '2017-04-22 17:00:00', NULL),
(275, 'Thái Bình', '2017-04-22 17:00:00', NULL),
(276, 'Hà Nam', '2017-04-22 17:00:00', NULL),
(277, 'Nam Định', '2017-04-22 17:00:00', NULL),
(278, 'Ninh Bình', '2017-04-22 17:00:00', NULL),
(279, 'Thanh Hóa', '2017-04-22 17:00:00', NULL),
(280, 'Nghệ An', '2017-04-22 17:00:00', NULL),
(281, 'Hà Tĩnh', '2017-04-22 17:00:00', NULL),
(282, 'Quảng Bình', '2017-04-22 17:00:00', NULL),
(283, 'Quảng Trị', '2017-04-22 17:00:00', NULL),
(284, 'Thừa Thiên Huế', '2017-04-22 17:00:00', NULL),
(285, 'Đà Nẵng', '2017-04-22 17:00:00', NULL),
(287, 'Quảng Ngãi', '2017-04-22 17:00:00', NULL),
(288, 'Bình Định', '2017-04-22 17:00:00', NULL),
(289, 'Phú Yên', '2017-04-22 17:00:00', NULL),
(290, 'Khánh Hòa', '2017-04-22 17:00:00', NULL),
(291, 'Ninh Thuận', '2017-04-22 17:00:00', NULL),
(292, 'Bình Thuận', '2017-04-22 17:00:00', NULL),
(293, 'Kon Tum', '2017-04-22 17:00:00', NULL),
(294, 'Gia Lai', '2017-04-22 17:00:00', NULL),
(295, 'Đắk Lắk', '2017-04-22 17:00:00', NULL),
(296, 'Đắk Nông', '2017-04-22 17:00:00', NULL),
(297, 'Lâm Đồng', '2017-04-22 17:00:00', NULL),
(298, 'Bình Phước', '2017-04-22 17:00:00', NULL),
(299, 'Tây Ninh', '2017-04-22 17:00:00', NULL),
(300, 'Bình Dương', '2017-04-22 17:00:00', NULL),
(301, 'Đồng Nai', '2017-04-22 17:00:00', NULL),
(302, 'Bà Rịa - Vũng Tàu', '2017-04-22 17:00:00', NULL),
(303, 'Hồ Chí Minh', '2017-04-22 17:00:00', NULL),
(304, 'Long An', '2017-04-22 17:00:00', NULL),
(305, 'Tiền Giang', '2017-04-22 17:00:00', NULL),
(306, 'Bến Tre', '2017-04-22 17:00:00', NULL),
(307, 'Trà Vinh', '2017-04-22 17:00:00', NULL),
(308, 'Vĩnh Long', '2017-04-22 17:00:00', NULL),
(309, 'Đồng Tháp', '2017-04-22 17:00:00', NULL),
(310, 'An Giang', '2017-04-22 17:00:00', NULL),
(311, 'Kiên Giang', '2017-04-22 17:00:00', NULL),
(312, 'Cần Thơ', '2017-04-22 17:00:00', NULL),
(313, 'Hậu Giang', '2017-04-22 17:00:00', NULL),
(314, 'Sóc Trăng', '2017-04-22 17:00:00', NULL),
(315, 'Bạc Liêu', '2017-04-22 17:00:00', NULL),
(316, 'Cà Mau', '2017-04-22 17:00:00', NULL);

-- --------------------------------------------------------

--
-- Table structure for table `tin_tuc`
--

CREATE TABLE `tin_tuc` (
  `MA_TINTUC` int(10) UNSIGNED NOT NULL,
  `MA_LOAITT` int(10) UNSIGNED NOT NULL,
  `TIEUDE` varchar(255) COLLATE utf8_unicode_ci NOT NULL,
  `ANH_TIEUDE` varchar(255) COLLATE utf8_unicode_ci NOT NULL,
  `NOIDUNG` varchar(255) COLLATE utf8_unicode_ci NOT NULL,
  `created_at` timestamp NULL DEFAULT NULL,
  `updated_at` timestamp NULL DEFAULT NULL
) ENGINE=InnoDB DEFAULT CHARSET=utf8 COLLATE=utf8_unicode_ci;

-- --------------------------------------------------------

--
-- Table structure for table `truong`
--

CREATE TABLE `truong` (
  `MA_TRUONG` int(10) UNSIGNED NOT NULL,
  `MA_BAC` int(10) UNSIGNED NOT NULL,
  `MA_QH` int(10) UNSIGNED NOT NULL,
  `TEN_TRUONG` varchar(255) COLLATE utf8_unicode_ci NOT NULL,
  `created_at` timestamp NULL DEFAULT NULL,
  `updated_at` timestamp NULL DEFAULT NULL
) ENGINE=InnoDB DEFAULT CHARSET=utf8 COLLATE=utf8_unicode_ci;

--
-- Dumping data for table `truong`
--

INSERT INTO `truong` (`MA_TRUONG`, `MA_BAC`, `MA_QH`, `TEN_TRUONG`, `created_at`, `updated_at`) VALUES
(3, 1, 1, 'Trường Tiểu học hòa đông 2', '2017-04-23 17:40:10', '2017-04-23 17:40:10'),
(4, 1, 1, 'Trường Tiểu Học Lai Hòa', '2017-04-23 17:46:14', '2017-04-23 17:46:14'),
(5, 1, 1, 'Trường Tiểu Học Lạc Hòa', '2017-04-23 17:46:42', '2017-04-23 17:46:42'),
(6, 1, 1, 'Trường Tiểu Học Khánh Hòa', '2017-04-24 07:31:51', '2017-04-24 07:31:51'),
(7, 1, 1, 'Trường tiểu học Vĩnh Phước 1', '2017-04-24 07:45:17', '2017-04-24 07:45:17'),
(8, 1, 1, 'Trường Tiểu Học Phường 1', '2017-04-24 12:14:26', '2017-04-24 12:14:26'),
(9, 1, 1, 'Trường Tiểu Học Phường 2', '2017-04-24 12:16:12', '2017-04-24 12:16:12'),
(10, 1, 1, 'Trường Tiểu Học Vĩnh Tân', '2017-04-24 12:16:56', '2017-04-24 12:16:56'),
(11, 1, 1, 'Trường Tiểu Học Hòa Đông 3', '2017-04-24 12:17:28', '2017-04-24 12:17:28'),
(12, 1, 1, 'Trường Tiểu Học Vĩnh Châu', '2017-04-24 16:23:28', '2017-04-24 16:23:28'),
(13, 1, 1, 'Trường tiểu học Vĩnh Hiệp', '2017-04-24 16:23:45', '2017-04-24 16:23:45'),
(14, 1, 3476, 'Trường Tiểu học Quang Trung', NULL, NULL),
(15, 1, 3476, 'Trường Tiểu học Điền Hải B', NULL, NULL),
(16, 1, 3476, 'Trường Tiểu học Định Hoà B', NULL, NULL),
(17, 1, 3476, 'Trường Tiểu học A Hoà A', NULL, NULL),
(18, 1, 3476, 'Trường Tiểu học An Phúc A', NULL, NULL),
(19, 1, 3476, 'Trường Tiểu học Long Điền Đông A2', NULL, NULL),
(20, 1, 3476, 'Trường Tiểu học Chu Văn An', NULL, NULL),
(21, 1, 3476, 'Trường Tiểu học Gành Hoà B', NULL, NULL),
(22, 1, 3476, 'Trường Tiểu học Long Điền Đông K', NULL, NULL),
(23, 1, 3476, 'Trường Tiểu học Long Điền B', NULL, NULL),
(24, 1, 3476, 'Trường Tiểu học Long Hải', NULL, NULL),
(25, 1, 3476, 'Trường Tiểu học Long Điền Tây', NULL, NULL),
(26, 1, 3476, 'Trường Tiểu học Long Điền Đông', NULL, NULL),
(27, 1, 3476, 'Trường Tiểu học Long Điền', NULL, NULL),
(28, 1, 3476, 'Trường Tiểu học Long Điền Tiến A', NULL, NULL),
(29, 1, 3476, 'Trường Tiểu học An Hoà B', NULL, NULL),
(30, 1, 3476, 'Trường Tiểu học Định Thành A', NULL, NULL),
(31, 1, 3476, 'Trường Tiểu học Định Hoà A', NULL, NULL),
(32, 1, 3476, 'Trường Tiểu học Định Thành B', NULL, NULL),
(33, 1, 3476, 'Trường Tiểu học Kim Đồng', NULL, NULL),
(34, 1, 3476, 'Trường Tiểu học Long Điền Đông A1', NULL, NULL),
(35, 1, 3476, 'Trường Tiểu học An Phúc B', NULL, NULL),
(36, 1, 3476, 'Trường Tiểu học An Trạch A', NULL, NULL),
(37, 1, 3476, 'Trường Tiểu học An Trạch B', NULL, NULL),
(38, 1, 3476, 'Trường Tiểu học Long Điền Tiến B', NULL, NULL),
(39, 1, 3476, 'Trường THPT Điền Hải', NULL, NULL),
(40, 1, 3475, 'Trường Tiểu học Giá Rai A', NULL, NULL),
(41, 1, 3475, 'Trường Tiểu học Giá Rai B', NULL, NULL),
(42, 1, 3475, 'Trường Tiểu học Giá Rai C', NULL, NULL),
(43, 1, 3475, 'Trường Tiểu học Phong Phú A', NULL, NULL),
(44, 1, 3475, 'Trường Tiểu học Phong Phú B', NULL, NULL),
(45, 1, 3475, 'Trường Tiểu học Tân Hiệp A', NULL, NULL),
(46, 1, 3475, 'Trường Tiểu học Tân Hiệp B', NULL, NULL),
(47, 1, 3475, 'Trường Tiểu học Thạch Bình A', NULL, NULL),
(48, 1, 3475, 'Trường Tiểu học Thạch Bình B', NULL, NULL),
(49, 1, 3475, 'Trường Tiểu học Phong Thạch', NULL, NULL),
(50, 1, 3475, 'Trường Tiểu học Phong Nam', NULL, NULL),
(51, 1, 3475, 'Trường Tiểu học Hộ Phòng A', NULL, NULL),
(52, 1, 3475, 'Trường Tiểu học Hộ Phòng B', NULL, NULL),
(53, 1, 3475, 'Trường Tiểu học Hộ Phòng C', NULL, NULL),
(54, 1, 3475, 'Trường Tiểu học Phong Thạch A', NULL, NULL),
(55, 1, 3475, 'Trường Tiểu học Phong Thạch B', NULL, NULL),
(56, 1, 3475, 'Trường Tiểu học Tân Thạnh', NULL, NULL),
(57, 1, 3475, 'Trường Tiểu học Tân Thạch A', NULL, NULL),
(58, 1, 3475, 'Trường Tiểu học Phong Tân', NULL, NULL),
(59, 1, 3475, 'Trường Tiểu học Phong Thạnh Tây A', NULL, NULL),
(60, 1, 3475, 'Trường Tiểu học Phong Thạnh Tây B', NULL, NULL),
(61, 1, 3475, 'Trường Tiểu học Phong Thạnh Đông', NULL, NULL),
(62, 1, 3472, 'Trường Tiểu học Ngan Dừa', NULL, NULL),
(63, 1, 3472, 'Trường Tiểu học Nguyễn Trung Trực', NULL, NULL),
(64, 1, 3472, 'Trường Tiểu học Nguyễn Khuyến', NULL, NULL),
(65, 1, 3472, 'Trường Tiểu học Lộc Ninh', NULL, NULL),
(66, 1, 3472, 'Trường Tiểu học Nguyễn Bính', NULL, NULL),
(67, 1, 3472, 'Trường Tiểu học Võ Trường Toản', NULL, NULL),
(68, 1, 3472, 'Trường Tiểu học Lưu Hữu Phước', NULL, NULL),
(69, 1, 3472, 'Trường Tiểu học Tuệ Tĩnh', NULL, NULL),
(70, 1, 3472, 'Trường Tiểu học Trương Văn An', NULL, NULL),
(71, 1, 3472, 'Trường Tiểu học Vĩnh Phú', NULL, NULL),
(72, 1, 3472, 'Trường Tiểu học Mạc Đĩnh Chi', NULL, NULL),
(73, 1, 3472, 'Trường Tiểu học Lương Thế Vinh', NULL, NULL),
(74, 1, 3472, 'Trường TH -THCS Nguyễn An Ninh', NULL, NULL),
(75, 1, 3472, 'Trường Tiểu học Nguyễn Văn Huyên', NULL, NULL),
(76, 1, 3472, 'Trường Tiểu học Phan Thanh Giản', NULL, NULL),
(77, 1, 3472, 'Trường Tiểu học Trần Văn Tất', NULL, NULL),
(78, 1, 3472, 'Trường TH-THCS Đoàn Thị Điểm', NULL, NULL),
(79, 1, 3472, 'Trường Tiểu học Nhụy Cầm', NULL, NULL),
(80, 1, 3472, 'Trường Tiểu học Nguyễn Trường Tộ', NULL, NULL),
(81, 1, 3472, 'Trường Tiểu học Trần Kim Túc', NULL, NULL),
(82, 1, 3472, 'Trường Tiểu học Xuân Diệu', NULL, NULL),
(83, 1, 3472, 'THPT Ninh Thạnh Lợi', NULL, NULL),
(84, 1, 3473, 'Trường Tiểu học D Xã Phước Long', NULL, NULL),
(85, 1, 3473, 'Trường Tiểu học Nguyễn Bá Ngọc', NULL, NULL),
(86, 1, 3473, 'Trường Tiểu học Vừ A Dính', NULL, NULL),
(87, 1, 3473, 'Trường Tiểu học Bt Thác Mơ', NULL, NULL),
(88, 1, 3473, 'Trường Tiểu học Bình Phước A', NULL, NULL),
(89, 1, 3473, 'Trường Tiểu học Bình Phước B', NULL, NULL),
(90, 1, 3473, 'Trường Tiểu học Bình Thẳng A', NULL, NULL),
(91, 1, 3473, 'Trường Tiểu học Bình Thẳng B', NULL, NULL),
(92, 1, 3473, 'Trường Tiểu học Bù Gia Mập', NULL, NULL),
(93, 1, 3473, 'Trường Tiểu học Bù Nho', NULL, NULL),
(94, 1, 3473, 'Trường Tiểu học Kim Đồng', NULL, NULL),
(95, 1, 3473, 'Trường Tiểu học Lê Vă Tám', NULL, NULL),
(96, 1, 3473, 'Trường Tiểu học Long Hà A', NULL, NULL),
(97, 1, 3473, 'Trường Tiểu học Long Hà B', NULL, NULL),
(98, 1, 3473, 'Trường Tiểu học Long Hà C', NULL, NULL),
(99, 1, 3473, 'Trường Tiểu học Long Hưng A', NULL, NULL),
(100, 1, 3473, 'Trường Tiểu học Long Hưng B', NULL, NULL),
(101, 1, 3473, 'Trường Tiểu học Phú Riềng B', NULL, NULL),
(102, 1, 3473, 'Trường Tiểu học Sơn Giang', NULL, NULL),
(103, 1, 3473, 'Trường Tiểu học Thác Mơ', NULL, NULL),
(104, 1, 3473, 'Trường Tiểu học Phước Bình B', NULL, NULL),
(105, 1, 3473, 'Trường Tiểu học Phước Tín A', NULL, NULL),
(106, 1, 3473, 'Trường Tiểu học Phước Tín B', NULL, NULL),
(107, 1, 3473, 'Trường Tiểu học Phú Riềng A', NULL, NULL),
(108, 1, 3473, 'Trường Tiểu học Long Phú', NULL, NULL),
(109, 1, 3473, 'Trường Tiểu học Long Tân', NULL, NULL),
(110, 1, 3473, 'Trường Tiểu học Đa Kla A', NULL, NULL),
(111, 1, 3473, 'Trường Tiểu học Đa Kla B', NULL, NULL),
(112, 1, 3473, 'Trường Tiểu học Đặk Ơ', NULL, NULL),
(113, 1, 3473, 'Trường Tiểu học Đức Hạnh A', NULL, NULL),
(114, 1, 3473, 'Trường Tiểu học Đức Hạnh B', NULL, NULL),
(115, 1, 3473, 'Trường Tiểu học Phước Bình A', NULL, NULL),
(116, 1, 3473, 'Trường Tiểu học A Thị trấn Phước Long', NULL, NULL),
(117, 1, 3473, 'Trường Tiểu học B Thị trấn Phước Long', NULL, NULL),
(118, 1, 3473, 'Trường Tiểu học C Thị trấn Phứơc Long', NULL, NULL),
(119, 1, 3473, 'Trường Tiểu học A Phong Thạch Tây B', NULL, NULL),
(120, 1, 3473, 'Trường Tiểu học B Phong Thạch Nam', NULL, NULL),
(121, 1, 3473, 'Trường Tiểu học C Phong Thạch Nam', NULL, NULL),
(122, 1, 3473, 'Trường Tiểu học D Phong Thạch Nam', NULL, NULL),
(123, 1, 3473, 'Trường Tiểu học E Phong Thạch Nam', NULL, NULL),
(124, 1, 3473, 'Trường Tiểu học A Vĩnh Phú Tây', NULL, NULL),
(125, 1, 3473, 'Trường Tiểu học B Vĩnh Phú Tây', NULL, NULL),
(126, 1, 3473, 'Trường Tiểu học C Vĩnh Phú Tây', NULL, NULL),
(127, 1, 3473, 'Trường Tiểu học A Vĩnh Thanh', NULL, NULL),
(128, 1, 3473, 'Trường Tiểu học B Vĩnh Thanh', NULL, NULL),
(129, 1, 3473, 'Trường Tiểu học C Vĩnh Thanh', NULL, NULL),
(130, 1, 3473, 'Trường Tiểu học A Xã Phước Long', NULL, NULL),
(131, 1, 3473, 'Trường Tiểu học B Xã Phứơc Long', NULL, NULL),
(132, 1, 3473, 'Trường Tiểu học C Xã Phước Long', NULL, NULL),
(133, 1, 3473, 'Trường Tiểu học A Vĩnh Phú Đông', NULL, NULL),
(134, 1, 3473, 'Trường Tiểu học C Hưng Phú', NULL, NULL),
(135, 1, 3473, 'Trường Tiểu học Vĩnh Phú Đông', NULL, NULL),
(136, 1, 3473, 'Trường Tiểu học B Vĩnh Phú Đông', NULL, NULL),
(137, 1, 3473, 'Trường Tiểu học Ahưhg Phú', NULL, NULL),
(138, 1, 3473, 'Trường Tiểu học B Hưng Phú', NULL, NULL),
(139, 1, 3473, 'Trường Tiểu Học B Xã Phong Thạnh Tây A', NULL, NULL),
(140, 1, 3473, 'Trường Tiểu Học A Xã Phong Thạnh Tây A', NULL, NULL),
(141, 1, 3473, 'Trường Tiểu học C Vĩnh Phú Đông', NULL, NULL),
(142, 1, 3474, 'Trường Tiểu học Hoa Lư', NULL, NULL),
(143, 1, 3474, 'Trường Tiểu học Châu Hưng B', NULL, NULL),
(144, 1, 3474, 'Trường Tiểu học Châu Hưng C', NULL, NULL),
(145, 1, 3474, 'Trường Tiểu học Mai Thanh Thế', NULL, NULL),
(146, 1, 3474, 'Trường Tiểu học Châu Thới A', NULL, NULL),
(147, 1, 3474, 'Trường Tiểu học Châu Thới B', NULL, NULL),
(148, 1, 3474, 'Trường Tiểu học Châu Thới C', NULL, NULL),
(149, 1, 3474, 'Trường Tiểu học Hưng Hội A', NULL, NULL),
(150, 1, 3474, 'Trường Tiểu học Hưng Hội B', NULL, NULL),
(151, 1, 3474, 'Trường Tiểu học Hưng Thành A', NULL, NULL),
(152, 1, 3474, 'Trường Tiểu học Hưng Thành B', NULL, NULL),
(153, 1, 3474, 'Trường Tiểu học Hoàng Quân', NULL, NULL),
(154, 1, 3474, 'Trường Tiểu học Long Thanh A', NULL, NULL),
(155, 1, 3474, 'Trường Tiểu học Long Thanh B', NULL, NULL),
(156, 1, 3474, 'Trường Tiểu học Long Thạch C', NULL, NULL),
(157, 1, 3474, 'Trường Tiểu học Đông Hải', NULL, NULL),
(158, 1, 3474, 'Trường Tiểu học Vĩnh Hởu A', NULL, NULL),
(159, 1, 3474, 'Trường Tiểu học Vĩnh Hậu B', NULL, NULL),
(160, 1, 3474, 'Trường Tiểu học Vĩnh Hởu C', NULL, NULL),
(161, 1, 3474, 'Trường Tiểu học Hoà Bình A', NULL, NULL),
(162, 1, 3474, 'Trường Tiểu học Hoà Bình B', NULL, NULL),
(163, 1, 3474, 'Trường Tiểu học Hoà Bình C', NULL, NULL),
(164, 1, 3474, 'Trường Tiểu học Minh Diệu A', NULL, NULL),
(165, 1, 3474, 'Trường Tiểu học Minhh Diệu B', NULL, NULL),
(166, 1, 3474, 'Trường Tiểu học Vĩnh Hưng A', NULL, NULL),
(167, 1, 3474, 'Trường Tiểu học Hưng Hưng B', NULL, NULL),
(168, 1, 3474, 'Trường Tiểu học Vĩnh Hưng C', NULL, NULL),
(169, 1, 3474, 'Trường Tiểu học Vĩnh Hưng', NULL, NULL),
(170, 1, 3474, 'Trường Tiểu học Vĩnh Bình A', NULL, NULL),
(171, 1, 3474, 'Trường Tiểu học Vĩnh Bình B', NULL, NULL),
(172, 1, 3474, 'Trường Tiểu học Vĩnh Bình C', NULL, NULL),
(173, 1, 3474, 'Trường Tiểu học Vĩnh Mỹ A1', NULL, NULL),
(174, 1, 3474, 'Trường Tiểu học Vĩnh Mỹ A2', NULL, NULL),
(175, 1, 3474, 'Trường Tiểu học Vĩnh Mỹ A3', NULL, NULL),
(176, 1, 3474, 'Trường Tiểu học Vĩnh Mỹ B1', NULL, NULL),
(177, 1, 3474, 'Trường Tiểu học Vĩnh Mỹ B2', NULL, NULL),
(178, 1, 3474, 'Trường Tiểu học Vĩnh Mỹ', NULL, NULL),
(179, 1, 3474, 'Trường Tiểu học Vĩnh Thịnh A', NULL, NULL),
(180, 1, 3474, 'Trường Tiểu học Vĩnh Thịnh C', NULL, NULL),
(181, 1, 3474, 'Trường Tiểu học Vĩnh Thịnh B', NULL, NULL),
(182, 1, 3474, 'Trường Tiểu học Trần Quốc Toản', NULL, NULL),
(183, 1, 3471, 'Trường Tiểu học Kim Đồng', NULL, NULL),
(184, 1, 3471, 'Trường Tiểu học Phường 2', NULL, NULL),
(185, 1, 3471, 'Trường Tiểu học Phường 2a', NULL, NULL),
(186, 1, 3471, 'Trường Tiểu học Phường 2 B', NULL, NULL),
(187, 1, 3471, 'Trường Tiểu học Phùng Ngọc Liêm', NULL, NULL),
(188, 1, 3471, 'Trường Tiểu học Lê Văn Tám', NULL, NULL),
(189, 1, 3471, 'Trường Tiểu học Phường 5', NULL, NULL),
(190, 1, 3471, 'Trường Tiểu học Phường 5 A', NULL, NULL),
(191, 1, 3471, 'Trường Tiểu học Phường 7', NULL, NULL),
(192, 1, 3471, 'Trường Tiểu học Phường 8 A', NULL, NULL),
(193, 1, 3471, 'Trường Tiểu học Phường 8 B', NULL, NULL),
(194, 1, 3471, 'Trường Tiểu học Hiệp Thành', NULL, NULL),
(195, 1, 3471, 'Trường Tiểu học Hiệp Thành 1', NULL, NULL),
(196, 1, 3471, 'Trường Tiểu học Thuận Hoà', NULL, NULL),
(197, 1, 3471, 'Trường Tiểu học Thuận Hoà 1', NULL, NULL),
(198, 1, 3471, 'Trường Tiểu học Thuận Hoà 2', NULL, NULL),
(199, 1, 3471, 'Trường Tiểu học Thuận Hoà 4', NULL, NULL),
(200, 1, 3471, 'Trường Tiểu học Vĩnh Trạch', NULL, NULL),
(201, 1, 3477, 'Trường Tiểu học Hòa Bình A', NULL, NULL),
(202, 1, 3477, 'Trường Tiểu học Hòa Bình B', NULL, NULL),
(203, 1, 3477, 'Trường Tiểu học Hòa Bình C', NULL, NULL),
(204, 1, 3477, 'Trường Tiểu Học Minh Diệu A', NULL, NULL),
(205, 1, 3477, 'Trường Tiểu Học Minh Diệu B', NULL, NULL),
(206, 1, 3477, 'Trường Tiểu Học Vĩnh Hậu A', NULL, NULL),
(207, 1, 3477, 'Trường Tiểu Học Vĩnh Hậu B', NULL, NULL),
(208, 1, 3477, 'Trường Tiểu Học Vĩnh Hậu C', NULL, NULL),
(209, 1, 3477, 'Trường Tiểu Học Đông Hải', NULL, NULL),
(210, 1, 3477, 'Trường Tiểu Học Vĩnh Mỹ A1', NULL, NULL),
(211, 1, 3477, 'Trường Tiểu Học Vĩnh Mỹ A2', NULL, NULL),
(212, 1, 3477, 'Trường Tiểu Học Vĩnh Mỹ B1', NULL, NULL),
(213, 1, 3477, 'Trường Tiểu Học Yên Khánh', NULL, NULL),
(214, 1, 3477, 'Trường Tiểu Học Vĩnh Bình A', NULL, NULL),
(215, 1, 3477, 'Trường Tiểu Học Vĩnh Bình B', NULL, NULL),
(216, 1, 3477, 'Trường Tiểu Học Vĩnh Bình C', NULL, NULL),
(217, 1, 3477, 'Trường Tiểu Học Vĩnh Thịnh A', NULL, NULL),
(218, 1, 3477, 'Trường Tiểu Học Vĩnh Thịnh B', NULL, NULL),
(219, 1, 3477, 'Trường Tiểu Học Vĩnh Thịnh C', NULL, NULL),
(220, 1, 3459, 'Trường Tiểu học Xà Phiên 1', NULL, NULL),
(221, 1, 3459, 'Trường Tiểu học Xà Phiên 2', NULL, NULL),
(222, 1, 3459, 'Trường Tiểu học Xà Phiên 3', NULL, NULL),
(223, 1, 3459, 'Trường Tiểu học Lương Tâm 1', NULL, NULL),
(224, 1, 3459, 'Trường Tiểu học Lương Tâm 2', NULL, NULL),
(225, 1, 3459, 'Trường Tiểu học Vĩnh Viễn 1', NULL, NULL),
(226, 1, 3459, 'Trường Tiểu học Phạm Thị Gạo', NULL, NULL),
(227, 1, 3459, 'Trường Tiểu học Vĩnh Viễn 3', NULL, NULL),
(228, 1, 3459, 'Trường Tiểu học Vĩnh Viễn A1', NULL, NULL),
(229, 1, 3459, 'Trường Tiểu học Vĩnh Viễn A2', NULL, NULL),
(230, 1, 3459, 'Trường Tiểu học Thuận Hòa 1', NULL, NULL),
(231, 1, 3459, 'Trường Tiểu học Thuận Hòa 2', NULL, NULL),
(232, 1, 3459, 'Trường Tiểu học Lương Nghĩa1', NULL, NULL),
(233, 1, 3459, 'Trường Tiểu học Lương Nghĩa 2', NULL, NULL),
(234, 1, 3459, 'Trường Tiểu học Lương Nghĩa 3', NULL, NULL),
(235, 1, 3459, 'Trường Tiểu học Vĩnh Thuận Đông 1', NULL, NULL),
(236, 1, 3459, 'Trường Tiểu học Vĩnh Thuận Đông 2', NULL, NULL),
(237, 1, 3459, 'Trường Tiểu học Vĩnh Thuận Đông 3', NULL, NULL),
(238, 1, 3459, 'Trường Tiểu học Thuận Hưng 1', NULL, NULL),
(239, 1, 3459, 'Trường Tiểu học Thuận Hưng 2', NULL, NULL),
(240, 1, 3457, 'Trường Tiểu học Mùa Xuân', NULL, NULL),
(241, 1, 3457, 'Trường Tiểu học Tân Long 1', NULL, NULL),
(242, 1, 3457, 'Trường Tiểu học Tân Long 2', NULL, NULL),
(243, 1, 3457, 'Trường Tiểu học Tân Long 3', NULL, NULL),
(244, 1, 3457, 'Trường Tiểu học Long Thạnh 1', NULL, NULL),
(245, 1, 3457, 'Trường Tiểu học Long Thạnh 2', NULL, NULL),
(246, 1, 3457, 'Trường Tiểu học Long Thạnh 3', NULL, NULL),
(247, 1, 3457, 'Trường Tiểu học Tân Bình 1', NULL, NULL),
(248, 1, 3457, 'Trường Tiểu học Tân Bình 2', NULL, NULL),
(249, 1, 3457, 'Trường Tiểu học Tân Bình 3', NULL, NULL),
(250, 1, 3457, 'Trường Tiểu học Tân Bình 4', NULL, NULL),
(251, 1, 3457, 'Trường Tiểu học Kim Đồng', NULL, NULL),
(252, 1, 3457, 'Trường Tiểu học Hoà An 1', NULL, NULL),
(253, 1, 3457, 'Trường Tiểu học Hoà An 2', NULL, NULL),
(254, 1, 3457, 'Trường Tiểu học Hoà An 3', NULL, NULL),
(255, 1, 3457, 'Trường Tiểu học Hoà An 4', NULL, NULL),
(256, 1, 3457, 'Trường Tiểu học Phương Bình 1', NULL, NULL),
(257, 1, 3457, 'Trường Tiểu học Phương Bình 2', NULL, NULL),
(258, 1, 3457, 'Trường Tiểu học Phương Phú 1', NULL, NULL),
(259, 1, 3457, 'Trường Tiểu học Phương Phú 2', NULL, NULL),
(260, 1, 3457, 'Trường Tiểu học Hoà Mỹ 1', NULL, NULL),
(261, 1, 3457, 'Trường Tiểu học Hoà Mỹ 2', NULL, NULL),
(262, 1, 3457, 'Trường Tiểu học Hoà Mỹ 3', NULL, NULL),
(263, 1, 3457, 'Trường Tiểu học Tân Phước Hưng 1', NULL, NULL),
(264, 1, 3457, 'Trường Tiểu học Tân Phước Hưng 2', NULL, NULL),
(265, 1, 3457, 'Trường Tiểu học Tân Phước Hưng 3', NULL, NULL),
(266, 1, 3457, 'Trường Tiểu học Hiệp Hưng 1', NULL, NULL),
(267, 1, 3457, 'Trường Tiểu học Hiệp Hưng 2', NULL, NULL),
(268, 1, 3457, 'Trường Tiểu học Hiệp Hưng 3', NULL, NULL),
(269, 1, 3457, 'Trường Tiểu học Bình Thành', NULL, NULL),
(270, 1, 3457, 'Trường Tiểu học Cây Dương 1', NULL, NULL),
(271, 1, 3457, 'Trường Tiểu học Cây Dương 2', NULL, NULL),
(272, 1, 3457, 'Trường Tiểu học Kinh Cùng', NULL, NULL),
(273, 1, 3457, 'Trường Tiểu học Phụng Hiệp', NULL, NULL),
(274, 1, 3457, 'Trường Tiểu học Phương Ninh', NULL, NULL),
(275, 1, 3457, 'Trường Tiểu học Phương Phú 3', NULL, NULL),
(276, 1, 3457, 'Trường Tiểu học Thạnh Hòa 1', NULL, NULL),
(277, 1, 3457, 'Trường Tiểu học Thạnh Hòa 2', NULL, NULL),
(278, 1, 3457, 'Trường Tiểu học Thạnh Hòa 3', NULL, NULL),
(279, 1, 3457, 'Tiểu học Phương Ninh', NULL, NULL),
(280, 1, 3458, 'Trường Tiểu học Nàng Mau 1', NULL, NULL),
(281, 1, 3458, 'Trường Tiểu học Nàng Mau 2', NULL, NULL),
(282, 1, 3458, 'Trường Tiểu học Vị Thuỷ 1', NULL, NULL),
(283, 1, 3458, 'Trường Tiểu học Vị Thuỷ 2', NULL, NULL),
(284, 1, 3458, 'Trường Tiểu học Vĩnh Thuận Tây 1', NULL, NULL),
(285, 1, 3458, 'Trường Tiểu học Vĩnh Thuận Tây 2', NULL, NULL),
(286, 1, 3458, 'Trường Tiểu học Vị Thắng 1', NULL, NULL),
(287, 1, 3458, 'Trường Tiểu học Vị Thắng 2', NULL, NULL),
(288, 1, 3458, 'Trường Tiểu học Vĩnh Tường 1', NULL, NULL),
(289, 1, 3458, 'Trường Tiểu học Vĩnh Tường 2', NULL, NULL),
(290, 1, 3458, 'Trường Tiểu học Vĩnh Tường 3', NULL, NULL),
(291, 1, 3458, 'Trường Tiểu học Vị Đông 1', NULL, NULL),
(292, 1, 3458, 'Trường Tiểu học Vị Đông 2', NULL, NULL),
(293, 1, 3458, 'Trường Tiểu học Vị Đông 3', NULL, NULL),
(294, 1, 3458, 'Trường Tiểu học Vị Đông 4', NULL, NULL),
(295, 1, 3458, 'Trường Tiểu học Vị Thanh 1', NULL, NULL),
(296, 1, 3458, 'Trường Tiểu học Vị Thanh 2', NULL, NULL),
(297, 1, 3458, 'Trường Tiểu học Vị Thanh 3', NULL, NULL),
(298, 1, 3458, 'Trường Tiểu học Vị Bình 1', NULL, NULL),
(299, 1, 3458, 'Trường Tiểu học Vị Bình 2', NULL, NULL),
(300, 1, 3458, 'Trường Tiểu học Vị Trung 1', NULL, NULL),
(301, 1, 3458, 'Trường Tiểu học Vị Trung 2', NULL, NULL),
(302, 1, 3458, 'Trường Tiểu học Vĩnh Trung 1', NULL, NULL),
(303, 1, 3458, 'Trường Tiểu học Vĩnh Trung 2', NULL, NULL),
(304, 1, 3458, 'Trường Tiểu học Vĩnh Trung 3', NULL, NULL),
(305, 1, 3458, 'Trường Tiểu học Vĩnh Trung 4', NULL, NULL),
(306, 1, 3458, 'Trường Tiểu học Vĩnh Trung 5', NULL, NULL),
(307, 1, 3453, 'Trường Tiểu học Kim Đồng', NULL, NULL),
(308, 1, 3453, 'Trường Tiểu học Phạm Hồng Thái', NULL, NULL),
(309, 1, 3453, 'Trường Tiểu học Nguyễn Văn Trỗi', NULL, NULL),
(310, 1, 3453, 'Trường Tiểu học Him Lam', NULL, NULL),
(311, 1, 3453, 'Trường Tiểu học Lý Thường Kiệt', NULL, NULL),
(312, 1, 3453, 'Trường Tiểu học Trần Quốc Toản', NULL, NULL),
(313, 1, 3453, 'Trường Tiểu học Chu Văn An', NULL, NULL),
(314, 1, 3453, 'Trường Tiểu học Trần Quang Diệu', NULL, NULL),
(315, 1, 3453, 'Trường Tiểu học Hoàng Hoa Thám', NULL, NULL),
(316, 1, 3453, 'Trường Tiểu học Bùi Thị Xuân', NULL, NULL),
(317, 1, 3453, 'Trường Tiểu học Nguyễn Trung Trực', NULL, NULL),
(318, 1, 3453, 'Trường Tiểu học Nguyễn Bỉnh Khiêm', NULL, NULL),
(319, 1, 3453, 'Trường Tiểu học Võ Thị Sáu', NULL, NULL),
(320, 1, 3453, 'Trường Tiểu học Trương Định', NULL, NULL),
(321, 1, 3453, 'Trường Tiểu học Khuyết Tật Tỉnh Hậu Giang', NULL, NULL),
(322, 1, 3454, 'Trường tiểu học Ngã Bảy 1', NULL, NULL),
(323, 1, 3454, 'Trường Tiểu học Hiệp Thành 2', NULL, NULL),
(324, 1, 3454, 'Trường Tiểu học Hùng Vương', NULL, NULL),
(325, 1, 3454, 'Trường Tiểu học Ngã Bảy 2', NULL, NULL),
(326, 1, 3454, 'Trường Tiểu học Trần Quốc Toản', NULL, NULL),
(327, 1, 3454, 'Trường Tiểu học Hiệp Thành 3', NULL, NULL),
(328, 1, 3454, 'Trường Tiểu học Đại Thành 2', NULL, NULL),
(329, 1, 3454, 'Trường Tiểu học Lý Tự Trọng', NULL, NULL),
(330, 1, 3454, 'Trường Tiểu học Tân Thành 2', NULL, NULL),
(331, 1, 3454, 'Trường Tiểu học Lái Hiếu', NULL, NULL),
(332, 1, 3454, 'Trường Tiểu học Tân Thành', NULL, NULL),
(333, 1, 3454, 'Trường Tiểu học Tân Thành 1', NULL, NULL),
(334, 1, 3454, 'Trường Tiểu học Hiệp Lợi', NULL, NULL),
(335, 1, 3455, 'Trường Tiểu học thị trấn Cái Tắc', NULL, NULL),
(336, 1, 3455, 'Trường Tiểu học Tân Phú Thạnh 1', NULL, NULL),
(337, 1, 3455, 'Trường Tiểu học Tân Phú Thạnh 2', NULL, NULL),
(338, 1, 3455, 'Trường Tiểu học Tân Phú Thạnh 3', NULL, NULL),
(339, 1, 3455, 'Trường Tiểu học Rạch Gòi A', NULL, NULL),
(340, 1, 3455, 'Trường Tiểu học Rạch Gòi B', NULL, NULL),
(341, 1, 3455, 'Trường Tiểu học Rạch Gòi C', NULL, NULL),
(342, 1, 3455, 'Trường Tiểu học Thạnh Xuân 1', NULL, NULL),
(343, 1, 3455, 'Trường Tiểu học Thạnh Xuân 2', NULL, NULL),
(344, 1, 3455, 'Trường Tiểu học thị trấn Một Ngàn A', NULL, NULL),
(345, 1, 3455, 'Trường Tiểu học thị trấn Một Ngàn B', NULL, NULL),
(346, 1, 3455, 'Trường Tiểu học Nguyễn Du', NULL, NULL),
(347, 1, 3455, 'Trường Tiểu học Trường Long Tây 1', NULL, NULL),
(348, 1, 3455, 'Trường Tiểu học Trường Long Tây 2', NULL, NULL),
(349, 1, 3455, 'Trường Tiểu học Trường Long Tây 3', NULL, NULL),
(350, 1, 3455, 'Trường Tiểu học Trường Long A1', NULL, NULL),
(351, 1, 3455, 'Trường Tiểu học Trường Long A2', NULL, NULL),
(352, 1, 3455, 'Trường Tiểu học Trường Long A3', NULL, NULL),
(353, 1, 3455, 'Trường Tiểu học Trường Long A4', NULL, NULL),
(354, 1, 3455, 'Trường Tiểu học Nhơn Nghĩa A1', NULL, NULL),
(355, 1, 3455, 'Trường Tiểu học Nhơn Nghĩa A2', NULL, NULL),
(356, 1, 3455, 'Trường Tiểu học Tân Hòa 2', NULL, NULL),
(357, 1, 3455, 'Trường Tiểu học Tân Hòa 3', NULL, NULL),
(358, 1, 3455, 'Trường Tiểu học Tân Hòa 4', NULL, NULL),
(359, 1, 3455, 'Trường Tiểu học Tân Thuận 1', NULL, NULL),
(360, 1, 3455, 'Trường Tiểu học Tân Thuận 2', NULL, NULL),
(361, 1, 3455, 'Trường Tiểu học Kim Đồng', NULL, NULL),
(362, 1, 3455, 'Trường Tiểu học Ngô Quyền', NULL, NULL),
(363, 1, 3455, 'Trường Tiểu học Nguyễn Trung Trực', NULL, NULL),
(364, 1, 3455, 'Trường Tiểu học Trương Thị Xinh', NULL, NULL),
(365, 1, 3456, 'Trường Tiểu học Đông Thạch 2', NULL, NULL),
(366, 1, 3456, 'Trường Tiểu học Phú An', NULL, NULL),
(367, 1, 3456, 'Trường Tiểu học Đông Phú 1', NULL, NULL),
(368, 1, 3456, 'Trường Tiểu học Đông Phú 2', NULL, NULL),
(369, 1, 3456, 'Trường Tiểu học Đông Phú 3', NULL, NULL),
(370, 1, 3456, 'Trường Tiểu học Phú Hữu 1', NULL, NULL),
(371, 1, 3456, 'Trường Tiểu học Phú Hữu 2', NULL, NULL),
(372, 1, 3456, 'Trường Tiểu học Phú Hữu 3', NULL, NULL),
(373, 1, 3456, 'Trường Tiểu học Phú Hữu 4', NULL, NULL),
(374, 1, 3456, 'Trường Tiểu học Phú Hữu 5', NULL, NULL),
(375, 1, 3456, 'Trường Tiểu học Đồng Khởi', NULL, NULL),
(376, 1, 3456, 'Trường Tiểu học Ngô Hữu Hạnh 1', NULL, NULL),
(377, 1, 3456, 'Trường Tiểu học Ngô Hữu Hạnh 2', NULL, NULL),
(378, 1, 3456, 'Trường Tiểu học Ngô Hữu Hạnh 3', NULL, NULL),
(379, 1, 3456, 'Trường Tiểu học Ngô Hữu Hạnh 4', NULL, NULL),
(380, 1, 3456, 'Trường Tiểu học Ngô Hữu Hạnh 5', NULL, NULL),
(381, 1, 3456, 'Trường Tiểu học Ngô Hữu Hạnh 6', NULL, NULL),
(382, 1, 3456, 'Trường Tiểu học Thị trấn Ngã Sáu', NULL, NULL),
(383, 1, 3456, 'Trường Tiểu học Đông Thạch 1', NULL, NULL),
(384, 1, 3450, 'Trường Tiểu học Cờ Đỏ 1', NULL, NULL),
(385, 1, 3450, 'Trường Tiểu học Cờ Đỏ 2', NULL, NULL),
(386, 1, 3450, 'Trường Tiểu học Cờ Đỏ 3', NULL, NULL),
(387, 1, 3450, 'Trường Tiểu học Định Môn 1', NULL, NULL),
(388, 1, 3450, 'Trường Tiểu học Định Môn 2', NULL, NULL),
(389, 1, 3450, 'Trường Tiểu học Định Môn 3', NULL, NULL),
(390, 1, 3450, 'Trường Tiểu học Đông Bình 1', NULL, NULL),
(391, 1, 3450, 'Trường Tiểu học Đông Bình 2', NULL, NULL),
(392, 1, 3450, 'Trường Tiểu học Đông Bình 3', NULL, NULL),
(393, 1, 3450, 'Trường Tiểu học Đông Hiệp 1', NULL, NULL),
(394, 1, 3450, 'Trường Tiểu học Đông Hiệp 2', NULL, NULL),
(395, 1, 3450, 'Trường Tiểu học Đông Thuận', NULL, NULL),
(396, 1, 3450, 'Trường Tiểu học Thới Hưng 1', NULL, NULL),
(397, 1, 3450, 'Trường Tiểu học Thị trấn Thới Lai 1', NULL, NULL),
(398, 1, 3450, 'Trường Tiểu học Thị trấn Thới Lai 2', NULL, NULL),
(399, 1, 3450, 'Trường Tiểu học Thới Đông 1', NULL, NULL),
(400, 1, 3450, 'Trường Tiểu học Thới Đông 2', NULL, NULL),
(401, 1, 3450, 'Trường Tiểu học Thới Đông 3', NULL, NULL),
(402, 1, 3450, 'Trường Tiểu học Thới Lai 1', NULL, NULL),
(403, 1, 3450, 'Trường Tiểu học Thới Lai 2', NULL, NULL),
(404, 1, 3450, 'Trường Tiểu học Thới Lai 3', NULL, NULL),
(405, 1, 3450, 'Trường Tiểu học Thới Thạnh 1', NULL, NULL),
(406, 1, 3450, 'Trường Tiểu học Thới Thạnh 2', NULL, NULL),
(407, 1, 3450, 'Trường Tiểu học Trường Thành 1', NULL, NULL),
(408, 1, 3450, 'Trường Tiểu học Trường Thành 2', NULL, NULL),
(409, 1, 3450, 'Trường Tiểu học Trường Thành 3', NULL, NULL),
(410, 1, 3450, 'Trường Tiểu học Trường Xuân 1', NULL, NULL),
(411, 1, 3450, 'Trường Tiểu học Trường Xuân 2', NULL, NULL),
(412, 1, 3450, 'Trường Tiểu học Trường Xuân A1', NULL, NULL),
(413, 1, 3450, 'Trường Tiểu học Trường Xuân A2', NULL, NULL),
(414, 1, 3450, 'Trường Tiểu học Viện Lúa', NULL, NULL),
(415, 1, 3450, 'Trường Tiểu học Xuân Thắng', NULL, NULL),
(416, 1, 3450, 'Trường Tiểu học Trung Thạnh 1', NULL, NULL),
(417, 1, 3450, 'Trường Tiểu học Trung Hưng 2', NULL, NULL),
(418, 1, 3450, 'Trường Tiểu học Trung Thạnh 2', NULL, NULL),
(419, 1, 3450, 'Trường Tiểu học Thới Hưng 2', NULL, NULL),
(420, 1, 3450, 'Trường Tiểu học Thạnh Phú 2', NULL, NULL),
(421, 1, 3450, 'Trường Tiểu học Trung An 1', NULL, NULL),
(422, 1, 3450, 'Trường Tiểu học Thới Xuân 1', NULL, NULL),
(423, 1, 3450, 'Trường tiểu học Trung Hưng 1', NULL, NULL),
(424, 1, 3450, 'Trường Tiểu học Thạnh Phú 3', NULL, NULL),
(425, 1, 3450, 'Trường Tiểu học Thạnh Phú 4', NULL, NULL),
(426, 1, 3450, 'Trường Tiểu học Trung An 2', NULL, NULL),
(427, 1, 3450, 'Trường Tiểu học Trung Thạnh 3', NULL, NULL),
(428, 1, 3450, 'Trường Tiểu học Trung Hưng 3', NULL, NULL),
(429, 1, 3450, 'Trường Tiểu học Thới Xuân 2', NULL, NULL),
(430, 1, 3450, 'Trường Tiểu học Trung Thạnh 4', NULL, NULL),
(431, 1, 3450, 'Trường Tiểu Học Đông Thắng', NULL, NULL),
(432, 1, 3450, 'Trường Tiểu Học Thạch Phú 1', NULL, NULL),
(433, 1, 3450, 'Trường tiểu học thạnh phú 1', NULL, NULL),
(434, 1, 3451, 'Trường Tiểu học Giai Xuân 1', NULL, NULL),
(435, 1, 3451, 'Trường Tiểu học Giai Xuân 2', NULL, NULL),
(436, 1, 3451, 'Trường Tiểu học Giai Xuân 3', NULL, NULL),
(437, 1, 3451, 'Trường Tiểu học Giai Xuân 4', NULL, NULL),
(438, 1, 3451, 'Trường Tiểu học Trường Long 4', NULL, NULL),
(439, 1, 3451, 'Trường Tiểu học Trường Long 2', NULL, NULL),
(440, 1, 3451, 'Trường Tiểu học Trường Long 3', NULL, NULL),
(441, 1, 3451, 'Trường Tiểu học Lộ Vòng Cung', NULL, NULL),
(442, 1, 3451, 'Trường Tiểu học Mỹ Khánh 1', NULL, NULL),
(443, 1, 3451, 'Trường Tiểu học Mỹ Khánh 2', NULL, NULL),
(444, 1, 3451, 'Trường Tiểu học Nhơn Ái 1', NULL, NULL),
(445, 1, 3451, 'Trường Tiểu học Nhơn Ái 2', NULL, NULL),
(446, 1, 3451, 'Trường Tiểu học Nhơn Ái 3', NULL, NULL),
(447, 1, 3451, 'Trường Tiểu học Nhơn Ái 4', NULL, NULL),
(448, 1, 3451, 'Trường Tiểu học Nhơn Ái 5', NULL, NULL),
(449, 1, 3451, 'Trường Tiểu học Nhơn Nghĩa 1', NULL, NULL),
(450, 1, 3451, 'Trường Tiểu học Nhơn Nghĩa 2', NULL, NULL),
(451, 1, 3451, 'Trường Tiểu học Nhơn Nghĩa 3', NULL, NULL),
(452, 1, 3451, 'Trường Tiểu học Nhơn Nghĩa 4', NULL, NULL),
(453, 1, 3451, 'Trường Tiểu học Tân Thới 1', NULL, NULL),
(454, 1, 3451, 'Trường Tiểu học Tây Đô', NULL, NULL),
(455, 1, 3451, 'Trường Tiểu học Thạnh Phú Đông', NULL, NULL),
(456, 1, 3451, 'Trường Tiểu học Trường Long 1', NULL, NULL),
(457, 1, 3451, 'Trường Tiểu học Điền Hải', NULL, NULL),
(458, 1, 3451, 'Trường Tiểu học Điền Lộc', NULL, NULL),
(459, 1, 3451, 'Trường Tiểu học Điền Hoà', NULL, NULL),
(460, 1, 3451, 'Trường Tiểu học Trạch Phổ', NULL, NULL),
(461, 1, 3451, 'Trường Tiểu học Ưu Điềm', NULL, NULL),
(462, 1, 3451, 'Trường Tiểu học Phước Mỹ', NULL, NULL),
(463, 1, 3451, 'Trường Tiểu học Phò Trạch', NULL, NULL),
(464, 1, 3451, 'Trường Tiểu học Vân Trình', NULL, NULL),
(465, 1, 3451, 'Trường Tiểu học Vân Hoà', NULL, NULL),
(466, 1, 3451, 'Trường Tiểu học Điền Hương', NULL, NULL),
(467, 1, 3451, 'Trường Tiểu học Điền Môn', NULL, NULL),
(468, 1, 3451, 'Trường Tiểu học Tân Mỹ', NULL, NULL),
(469, 1, 3451, 'Trường Tiểu học Hoà Mỹ', NULL, NULL),
(470, 1, 3451, 'Trường Tiểu học Phong Xuân', NULL, NULL),
(471, 1, 3451, 'Trường Tiểu học Tây Bắc Sơn', NULL, NULL),
(472, 1, 3451, 'Trường Tiểu học Đông Nam Sơn', NULL, NULL),
(473, 1, 3451, 'Trường Tiểu học Phò Ninh', NULL, NULL),
(474, 1, 3451, 'Trường Tiểu học Điền An', NULL, NULL),
(475, 1, 3451, 'Trường Tiểu học Hương Lam', NULL, NULL),
(476, 1, 3451, 'Trường Tiểu học Tây Hiền', NULL, NULL),
(477, 1, 3451, 'Trường Tiểu học Đông Hiền', NULL, NULL),
(478, 1, 3451, 'Trường Tiểu học Bắc Hiền', NULL, NULL),
(479, 1, 3451, 'Trường Tiểu học Phong Thu', NULL, NULL),
(480, 1, 3451, 'Trường Tiểu học Trần Quốc Toản', NULL, NULL),
(481, 1, 3451, 'Trường Tiểu học Phong Chương 1', NULL, NULL),
(482, 1, 3451, 'Trường Tiểu học Phong Chương 2', NULL, NULL),
(483, 1, 3451, 'Trường Tiểu học Phong Hải', NULL, NULL),
(484, 1, 3451, 'Tiểu học thị trấn Phong Điền 1', NULL, NULL),
(485, 1, 3451, 'Tiểu học thị trấn Phong Điền 2', NULL, NULL),
(486, 1, 3444, 'Trường Tiểu học An Bình 1', NULL, NULL),
(487, 1, 3444, 'Trường Tiểu học An Bình 3', NULL, NULL),
(488, 1, 3444, 'Trường Tiểu học An Bình 4', NULL, NULL),
(489, 1, 3444, 'Trường Tiểu học Phan Bội Châu', NULL, NULL),
(490, 1, 3444, 'Trường Tiểu học An Hoà 2', NULL, NULL),
(491, 1, 3444, 'Trường Tiểu học An Hoà 3', NULL, NULL),
(492, 1, 3444, 'Trường Tiểu học An Hội', NULL, NULL),
(493, 1, 3444, 'Trường Tiểu học An Lạc', NULL, NULL),
(494, 1, 3444, 'Trường Tiểu học An Nghiệp', NULL, NULL),
(495, 1, 3444, 'Trường Tiểu học An Phú', NULL, NULL),
(496, 1, 3444, 'Trường Tiểu học Cái Khế 1', NULL, NULL),
(497, 1, 3444, 'Trường Tiểu học Cái Khế 2', NULL, NULL),
(498, 1, 3444, 'Trường Tiểu học Cái Khế 3', NULL, NULL),
(499, 1, 3444, 'Trường Tiểu học Hưng Lợi 1', NULL, NULL),
(500, 1, 3444, 'Trường Tiểu học Hưng Lợi 2', NULL, NULL),
(501, 1, 3444, 'Trường Tiểu học Lê Quý Đôn', NULL, NULL),
(502, 1, 3444, 'Trường Tiểu học Ngô Quyền', NULL, NULL),
(503, 1, 3444, 'Trường Tiểu học Thới Bình 1', NULL, NULL),
(504, 1, 3444, 'Trường Tiểu học Thực Hành', NULL, NULL),
(505, 1, 3444, 'Trường Tiểu học Trần Quốc Toản', NULL, NULL),
(506, 1, 3444, 'Trường Tiểu học Xuân Khánh 2', NULL, NULL),
(507, 1, 3444, 'Trường Tiểu học Võ Trường Toản', NULL, NULL),
(508, 1, 3444, 'Trường Phổ Thông Việt Mỹ', NULL, NULL),
(509, 1, 3444, 'Trường Tiểu học Mạc Đĩnh Chi', NULL, NULL),
(510, 1, 3444, 'Trường Thái Bình Dương', NULL, NULL),
(511, 1, 3444, 'Trường Tiểu học Kim Đồng', NULL, NULL),
(512, 1, 3444, 'Tiểu học Quốc Văn Cần Thơ', NULL, NULL),
(513, 1, 3444, 'Trường Tiểu học Lê Lợi', NULL, NULL),
(514, 1, 3444, 'Trường Tiểu học Nguyễn Du', NULL, NULL),
(515, 1, 3444, 'Trường Tiểu học Nguyễn Hiền', NULL, NULL),
(516, 1, 3448, 'Trường Tiểu học Tân Lộc 1', NULL, NULL),
(517, 1, 3448, 'Trường Tiểu học Tân Lộc 2', NULL, NULL),
(518, 1, 3448, 'Trường Tiểu học Tân Lộc 3', NULL, NULL),
(519, 1, 3448, 'Trường Tiểu học Tân Lộc 4', NULL, NULL),
(520, 1, 3448, 'Trường Tiểu học Thị trấn Thốt Nốt 1', NULL, NULL),
(521, 1, 3448, 'Trường Tiểu học Thị trấn Thốt Nốt 2', NULL, NULL),
(522, 1, 3448, 'Trường Tiểu học Thị trấn Thốt Nốt 3', NULL, NULL),
(523, 1, 3448, 'Trường Tiểu học Thới Thuận 1', NULL, NULL),
(524, 1, 3448, 'Trường Tiểu học Thới Thuận 2', NULL, NULL),
(525, 1, 3448, 'Trường Tiểu học Thới Thuận 3', NULL, NULL),
(526, 1, 3448, 'Trường Tiểu học Thới Thuận 4', NULL, NULL),
(527, 1, 3448, 'Trường Tiểu học Thuận Hưng 1', NULL, NULL),
(528, 1, 3448, 'Trường Tiểu học Thuận Hưng 2', NULL, NULL),
(529, 1, 3448, 'Trường Tiểu học Thuận Hưng 3', NULL, NULL),
(530, 1, 3448, 'Trường Tiểu học Thuận Hưng 4', NULL, NULL),
(531, 1, 3448, 'Trường Tiểu học Trung An 1', NULL, NULL),
(532, 1, 3448, 'Trường Tiểu học Trung An 2', NULL, NULL),
(533, 1, 3448, 'Trường Tiểu học Trung Kiên 1', NULL, NULL),
(534, 1, 3448, 'Trường Tiểu học Trung Kiên 2', NULL, NULL),
(535, 1, 3448, 'Trường Tiểu học Trung Kiên 3', NULL, NULL),
(536, 1, 3448, 'Trường Tiểu học Trung Nhứt 1', NULL, NULL),
(537, 1, 3448, 'Trường Tiểu học Trung Nhứt 2', NULL, NULL),
(538, 1, 3448, 'Trường Tiểu học Trung Thạnh 2', NULL, NULL),
(539, 1, 3448, 'Trường Tiểu học Trung Thạnh 3', NULL, NULL),
(540, 1, 3448, 'Trường Tiểu học Vĩnh Trinh 1', NULL, NULL),
(541, 1, 3448, 'Trường Tiểu học Thuận An 1', NULL, NULL),
(542, 1, 3448, 'Trường Tiểu học Thuận An', NULL, NULL),
(543, 1, 3448, 'Trường Tiểu học Thạnh Hòa 1', NULL, NULL),
(544, 1, 3448, 'Trường Tiểu học Tân Hưng', NULL, NULL),
(545, 1, 3448, 'Trường Tiểu học Thạnh Hòa', NULL, NULL),
(546, 1, 3449, 'Trường Tiểu học Thạnh An 1', NULL, NULL),
(547, 1, 3449, 'Trường Tiểu học DL Ân Bình', NULL, NULL),
(548, 1, 3449, 'Trường Tiểu học Cờ Đỏ 2', NULL, NULL),
(549, 1, 3449, 'Trường Tiểu học Cờ Đỏ 1', NULL, NULL),
(550, 1, 3449, 'Trường Tiểu học Thị trấn Thạnh An 2', NULL, NULL),
(551, 1, 3449, 'Trường Tiểu học Thị trấn Thạnh An 1', NULL, NULL),
(552, 1, 3449, 'Trường Tiểu học Thạnh Thắng 3', NULL, NULL),
(553, 1, 3449, 'Trường Tiểu học Thạnh Thắng 2', NULL, NULL),
(554, 1, 3449, 'Trường Tiểu học Thạnh Thắng 1', NULL, NULL),
(555, 1, 3449, 'Trường Tiểu học Thạnh Quới 4', NULL, NULL),
(556, 1, 3449, 'Trường Tiểu học Thạnh Quới 1', NULL, NULL),
(557, 1, 3449, 'Trường Tiểu học Thạnh Phú 2', NULL, NULL),
(558, 1, 3449, 'Trường Tiểu học Thạnh Phú 1', NULL, NULL),
(559, 1, 3449, 'Trường Tiểu học Thạnh Mỹ 2', NULL, NULL),
(560, 1, 3449, 'Trường Tiểu học Thạnh Mỹ 1', NULL, NULL),
(561, 1, 3449, 'Trường Tiểu học Thạnh Lộc 3', NULL, NULL),
(562, 1, 3449, 'Trường Tiểu học Thạnh Lộc 1', NULL, NULL),
(563, 1, 3449, 'Trường Tiểu học Thạnh An 4', NULL, NULL),
(564, 1, 3449, 'Trường Tiểu học Thạnh An 3', NULL, NULL),
(565, 1, 3449, 'Trường Tiểu học Thạnh An 2', NULL, NULL),
(566, 1, 3449, 'Trường Tiểu học Vĩnh Sơn', NULL, NULL),
(567, 1, 3449, 'Trường Tiểu học Vĩnh Trinh 2', NULL, NULL),
(568, 1, 3449, 'Trường Tiểu học Vĩnh Trinh 3', NULL, NULL),
(569, 1, 3449, 'Trường Tiểu học Trung Hưng 3', NULL, NULL),
(570, 1, 3449, 'Trường Tiểu học Trung Hưng 1', NULL, NULL),
(571, 1, 3449, 'Trường Tiểu học Thị trấn Thạnh An 3', NULL, NULL),
(572, 1, 3449, 'Trường Tiểu học Số 1 Vĩnh Thịnh', NULL, NULL),
(573, 1, 3449, 'Trường Tiểu học Số 2 Vĩnh Quang', NULL, NULL),
(574, 1, 3449, 'Trường Tiểu học Số 1 Vĩnh Quang', NULL, NULL),
(575, 1, 3449, 'Trường Tiểu học Vĩnh Hiệp', NULL, NULL),
(576, 1, 3449, 'Trường Tiểu học Vĩnh Hảo', NULL, NULL),
(577, 1, 3449, 'Trường Tiểu học Vĩnh Hoà', NULL, NULL),
(578, 1, 3449, 'Trường Tiểu học Vĩnh Kim', NULL, NULL),
(579, 1, 3449, 'Trường Tiểu học Số 2 Vĩnh Thịnh', NULL, NULL),
(580, 1, 3449, 'Trường Tiểu học Thị trấn Vĩnh Thạnh', NULL, NULL),
(581, 1, 3449, 'Trường Tiểu học Thạnh Lộc 2', NULL, NULL),
(582, 1, 3449, 'Trường Tiểu học Thạnh Quới 2', NULL, NULL),
(583, 1, 3449, 'Trường Tiểu học Thạnh Tiến 1', NULL, NULL),
(584, 1, 3449, 'Trường Tiểu học Thạnh Tiến 2', NULL, NULL),
(585, 1, 3449, 'Trường Tiểu học Thạnh Lợi 1', NULL, NULL),
(586, 1, 3449, 'Trường Tiểu học Thạnh Lợi 2', NULL, NULL),
(587, 1, 3449, 'Trường Tiểu học Vĩnh Trinh 1', NULL, NULL),
(588, 1, 3449, 'Trường Tiểu học Vĩnh Bình 1', NULL, NULL),
(589, 1, 3449, 'Trường Tiểu học Vĩnh Bình 2', NULL, NULL),
(590, 1, 3446, 'Trường Tiểu học An Thới 1', NULL, NULL),
(591, 1, 3446, 'Trường Tiểu học An Thới 2', NULL, NULL),
(592, 1, 3446, 'Trường Tiểu học Bình Thuỷ', NULL, NULL),
(593, 1, 3446, 'Trường Tiểu học Long Hoà 1', NULL, NULL),
(594, 1, 3446, 'Trường Tiểu học Long Hoà 2', NULL, NULL),
(595, 1, 3446, 'Trường Tiểu học Long Hoà 3', NULL, NULL),
(596, 1, 3446, 'Trường Tiểu học Long Tuyền 1', NULL, NULL),
(597, 1, 3446, 'Trường Tiểu học Long Tuyền 2', NULL, NULL),
(598, 1, 3446, 'Trường Tiểu học Thới An Đông 1', NULL, NULL),
(599, 1, 3446, 'Trường Tiểu học Thới An Đông 2', NULL, NULL),
(600, 1, 3446, 'Trường Tiểu học Thới An Đông 3', NULL, NULL),
(601, 1, 3446, 'Trường Tiểu học Trà Nóc 1', NULL, NULL),
(602, 1, 3446, 'Trường Tiểu học Trà Nóc 2', NULL, NULL),
(603, 1, 3446, 'Tiểu Học Trà Nóc 3', NULL, NULL),
(604, 1, 3446, 'Tiểu Học Trà Nóc 4', NULL, NULL),
(605, 1, 3447, 'Trường Tiểu học Tân Phú', NULL, NULL),
(606, 1, 3447, 'Trường Tiểu học Hưng Phú 1', NULL, NULL),
(607, 1, 3447, 'Trường Tiểu học Hưng Phú 2', NULL, NULL),
(608, 1, 3447, 'Trường Tiểu học Hưng Thạnh', NULL, NULL),
(609, 1, 3447, 'Trường Tiểu học Lê Bình 2', NULL, NULL),
(610, 1, 3447, 'Trường Tiểu học Lê Bình 1', NULL, NULL),
(611, 1, 3447, 'Trường Tiểu học Phú Thứ 1', NULL, NULL),
(612, 1, 3447, 'Trường Tiểu học Phú Thứ 2', NULL, NULL),
(613, 1, 3447, 'Trường Tiểu học Phú Thứ 3', NULL, NULL),
(614, 1, 3447, 'Trường Tiểu học Ba Láng', NULL, NULL),
(615, 1, 3447, 'Trường Tiểu học Trần Hoàng Na', NULL, NULL),
(616, 1, 3447, 'Trường Tiểu học Thường Thạnh', NULL, NULL),
(617, 1, 3447, 'Trường Tiểu học Ngôi Sao', NULL, NULL),
(618, 1, 3445, 'Trường Tiểu học Bùi Văn Tưởng', NULL, NULL),
(619, 1, 3445, 'Trường Tiểu học Ô Môn 1', NULL, NULL),
(620, 1, 3445, 'Trường Tiểu học Ô Môn 2', NULL, NULL),
(621, 1, 3445, 'Trường Tiểu học Ô Môn 3', NULL, NULL),
(622, 1, 3445, 'Trường Tiểu học Ô Môn 4', NULL, NULL),
(623, 1, 3445, 'Trường Tiểu học Võ Thị Sáu', NULL, NULL),
(624, 1, 3445, 'Trường Tiểu học Nguyễn Thông', NULL, NULL),
(625, 1, 3445, 'Trường Tiểu học Nguyễn Huệ', NULL, NULL),
(626, 1, 3445, 'Trường Tiểu học Nguyễn Việt Hồng', NULL, NULL),
(627, 1, 3445, 'Trường Tiểu học Phan Bội Châu', NULL, NULL),
(628, 1, 3445, 'Trường Tiểu học Nguyễn Hữu Cảnh', NULL, NULL),
(629, 1, 3445, 'Trường Tiểu học Cao Bá Quát', NULL, NULL),
(630, 1, 3445, 'Trường Tiểu học Nguyễn Hiền', NULL, NULL),
(631, 1, 3445, 'Trường Tiểu học Trần Phú', NULL, NULL),
(632, 1, 3445, 'Trường Tiểu học Lý Thường Kiệt', NULL, NULL),
(633, 1, 3445, 'Trường Tiểu học Nguyễn Bỉnh Khiêm', NULL, NULL),
(634, 1, 3445, 'Trường Tiểu học Nguyễn Tri Phương', NULL, NULL),
(635, 1, 3445, 'Trường Tiểu học Nguyễn Trung Trực', NULL, NULL),
(636, 1, 3445, 'Trường Tiểu học Nguyễn Du', NULL, NULL),
(637, 1, 3445, 'Trường Tiểu học Trần Hưng Đạo', NULL, NULL),
(638, 1, 3445, 'Trường Tiểu học Kim Đồng', NULL, NULL),
(639, 1, 3445, 'Trường Tiểu học Trưng Vương', NULL, NULL),
(640, 1, 3445, 'Trường Tiểu học Trương Định', NULL, NULL),
(641, 1, 3445, 'Trường Tiểu học Long Hưng', NULL, NULL),
(642, 1, 3452, 'Trường Tiểu học Đông Bình 1', NULL, NULL),
(643, 1, 3452, 'Trường Tiểu học Đông Bình 2', NULL, NULL),
(644, 1, 3452, 'Trường Tiểu học Đông Bình 3', NULL, NULL),
(645, 1, 3452, 'Trường Tiểu học Đông Thuận', NULL, NULL),
(646, 1, 3452, 'Trường Tiểu học Định Môn 1', NULL, NULL),
(647, 1, 3452, 'Trường Tiểu học Định Môn 2', NULL, NULL),
(648, 1, 3452, 'Trường Tiểu học Thị trấn Thới Lai 1', NULL, NULL),
(649, 1, 3452, 'Trường Tiểu học Thị trấn Thới Lai 2', NULL, NULL),
(650, 1, 3452, 'Trường Tiểu học Thới Tân 1', NULL, NULL),
(651, 1, 3452, 'Trường Tiểu học Thới Tân 2', NULL, NULL),
(652, 1, 3452, 'Trường Tiểu học Trường Thắng', NULL, NULL),
(653, 1, 3452, 'Trường Tiểu học Xuân Thắng', NULL, NULL),
(654, 1, 3452, 'Trường Tiểu học Thới Thạnh', NULL, NULL),
(655, 1, 3452, 'Trường Tiểu học Tân Thạnh', NULL, NULL),
(656, 1, 3452, 'Trường Tiểu học Trường Thành 1', NULL, NULL),
(657, 1, 3452, 'Trường Tiểu học Trường Thành 2', NULL, NULL),
(658, 1, 3452, 'Trường Tiểu học Trường Xuân 1', NULL, NULL),
(659, 1, 3452, 'Trường Tiểu học Trường Xuân 2', NULL, NULL),
(660, 1, 3452, 'Trường Tiểu học Trường Xuân A', NULL, NULL),
(661, 1, 3452, 'Trường Tiểu học Trường Xuân B', NULL, NULL),
(662, 1, 3452, 'Trường Tiểu học Viện Lúa', NULL, NULL),
(663, 1, 3403, 'Trường Tiểu học Tân Bình B', NULL, NULL),
(664, 1, 3403, 'Trường Tiểu học Đông Thanh A', NULL, NULL),
(665, 1, 3403, 'Trường Tiểu học Đông Thanh B', NULL, NULL),
(666, 1, 3403, 'Trường Tiểu học Đông Thành C', NULL, NULL),
(667, 1, 3403, 'Trường Tiểu học Thuận An A', NULL, NULL),
(668, 1, 3403, 'Trường Tiểu học Thuận An B', NULL, NULL),
(669, 1, 3403, 'Trường Tiểu học Thuận An C', NULL, NULL),
(670, 1, 3403, 'Trường Tiểu học Thuận An D', NULL, NULL),
(671, 1, 3403, 'Trường Tiểu học Đông Bình A', NULL, NULL),
(672, 1, 3403, 'Trường Tiểu học Đông Bình B', NULL, NULL),
(673, 1, 3403, 'Trường Tiểu học Phù Ly', NULL, NULL),
(674, 1, 3403, 'Trường Tiểu học Mỹ Hoà A', NULL, NULL),
(675, 1, 3403, 'Trường Tiểu học Mỹ Hoà B', NULL, NULL),
(676, 1, 3403, 'Trường Tiểu học Mỹ Hoà C', NULL, NULL),
(677, 1, 3403, 'Trường Tiểu học Mỹ Hoà D', NULL, NULL),
(678, 1, 3403, 'Trường Tiểu học Bình Minh', NULL, NULL),
(679, 1, 3403, 'Trường Tiểu học Thị trấn Cái Vồn A', NULL, NULL),
(680, 1, 3403, 'Trường Tiểu học Đông Thạnh A', NULL, NULL),
(681, 1, 3403, 'Trường Tiểu học Thị Trấn Cái Vồn B', NULL, NULL),
(682, 1, 3399, 'Trường Tiểu học An Bình A', NULL, NULL),
(683, 1, 3399, 'Trường Tiểu học An Bình B', NULL, NULL),
(684, 1, 3399, 'Trường Tiểu học An Bình C', NULL, NULL),
(685, 1, 3399, 'Trường Tiểu học Long An A', NULL, NULL),
(686, 1, 3399, 'Trường Tiểu học Long An B', NULL, NULL),
(687, 1, 3399, 'Trường Tiểu học Phú Đức A', NULL, NULL),
(688, 1, 3399, 'Trường Tiểu học Phú Đức B', NULL, NULL),
(689, 1, 3399, 'Trường Tiểu học Phú Đức C', NULL, NULL),
(690, 1, 3399, 'Trường Tiểu học Bình Hoà Phước A', NULL, NULL),
(691, 1, 3399, 'Trường Tiểu học Bình Hoà Phước B', NULL, NULL),
(692, 1, 3399, 'Trường Tiểu học Hoà Ninh A', NULL, NULL),
(693, 1, 3399, 'Trường Tiểu học Hoà Ninh B', NULL, NULL),
(694, 1, 3399, 'Trường Tiểu học Trương Văn Ba', NULL, NULL),
(695, 1, 3399, 'Trường Tiểu học Đồng Phú A', NULL, NULL),
(696, 1, 3399, 'Trường Tiểu học Đồng Phú B', NULL, NULL),
(697, 1, 3399, 'Trường Tiểu học Đồng Phú C', NULL, NULL),
(698, 1, 3399, 'Trường Tiểu học Long Phước A', NULL, NULL),
(699, 1, 3399, 'Trường Tiểu học Long Phước B', NULL, NULL),
(700, 1, 3399, 'Trường Tiểu học Lộc Hoà A', NULL, NULL),
(701, 1, 3399, 'Trường Tiểu học Lộc Hoà B', NULL, NULL),
(702, 1, 3399, 'Trường Tiểu học Lộc Hoà C', NULL, NULL),
(703, 1, 3399, 'Trường Tiểu học Hoà Phú A', NULL, NULL),
(704, 1, 3399, 'Trường Tiểu học Hoà Phú B', NULL, NULL),
(705, 1, 3399, 'Trường Tiểu học Phú Qưới A', NULL, NULL),
(706, 1, 3399, 'Trường Tiểu học Phú Qưới B', NULL, NULL),
(707, 1, 3399, 'Trường Tiểu học Phú Qưới C', NULL, NULL),
(708, 1, 3399, 'Trường Tiểu học Thanh Qưới A', NULL, NULL),
(709, 1, 3399, 'Trường Tiểu học Thanh Qưới B', NULL, NULL),
(710, 1, 3399, 'Trường Tiểu học Phước Hậu A', NULL, NULL),
(711, 1, 3399, 'Trường Tiểu học Phước Hậu B', NULL, NULL),
(712, 1, 3399, 'Trường Tiểu học Phước Hậu C', NULL, NULL),
(713, 1, 3399, 'Trường Tiểu học Tân Hạnh A', NULL, NULL),
(714, 1, 3399, 'Trường Tiểu học Tân Hạnh B', NULL, NULL),
(715, 1, 3399, 'Trường Tiểu học Tân Hạnh C', NULL, NULL),
(716, 1, 3399, 'Trường Tiểu học Thanh Đức A', NULL, NULL),
(717, 1, 3399, 'Trường Tiểu học Thanh Đức B', NULL, NULL),
(718, 1, 3399, 'Trường Tiểu học Thanh Đức C', NULL, NULL),
(719, 1, 3399, 'Trường Tiểu học Thị trấn Long Hồ', NULL, NULL),
(720, 1, 3399, 'Trường Tiểu học B Thị trấn Long Hồ', NULL, NULL),
(721, 1, 3399, 'Trường Tiểu học Sư phạm thực hành', NULL, NULL),
(722, 1, 3399, 'Trường THPT cấp 2-3 Phú Quới', NULL, NULL),
(723, 1, 3400, 'Trường Tiểu học An Phước B', NULL, NULL),
(724, 1, 3400, 'Trường Tiểu học An Phước C', NULL, NULL),
(725, 1, 3400, 'Trường Tiểu học Bình Phước A', NULL, NULL),
(726, 1, 3400, 'Trường Tiểu học Bình Phước B', NULL, NULL),
(727, 1, 3400, 'Trường Tiểu học Bình Phước C', NULL, NULL),
(728, 1, 3400, 'Trường Tiểu học Chánh An A', NULL, NULL),
(729, 1, 3400, 'Trường Tiểu học Chánh An B', NULL, NULL),
(730, 1, 3400, 'Trường Tiểu học Chánh Hội A', NULL, NULL),
(731, 1, 3400, 'Trường Tiểu học Chánh Hội B', NULL, NULL),
(732, 1, 3400, 'Trường Tiểu học Thị trấn Cái Nhum', NULL, NULL),
(733, 1, 3400, 'Trường Tiểu học Hoà Tịnh A', NULL, NULL),
(734, 1, 3400, 'Trường Tiểu học Hoà Tịnh B', NULL, NULL),
(735, 1, 3400, 'Trường Tiểu học Hoà Tịnh C', NULL, NULL),
(736, 1, 3400, 'Trường Tiểu học Long Mỹ', NULL, NULL),
(737, 1, 3400, 'Trường Tiểu học Mỹ An A', NULL, NULL),
(738, 1, 3400, 'Trường Tiểu học Mỹ An B', NULL, NULL),
(739, 1, 3400, 'Trường Tiểu học Mỹ Phước', NULL, NULL),
(740, 1, 3400, 'Trường Tiểu học Nhơn Phú A', NULL, NULL),
(741, 1, 3400, 'Trường Tiểu học Nhơn Phú B', NULL, NULL),
(742, 1, 3400, 'Trường Tiểu học Nhơn Phú C', NULL, NULL),
(743, 1, 3400, 'Trường Tiểu học Tân An Hội A', NULL, NULL),
(744, 1, 3400, 'Trường Tiểu học Tân An Hội B', NULL, NULL),
(745, 1, 3400, 'Trường Tiểu học Tân Long A', NULL, NULL),
(746, 1, 3400, 'Trường Tiểu học Tân Long B', NULL, NULL),
(747, 1, 3400, 'Trường Tiểu học Tân Long C', NULL, NULL),
(748, 1, 3400, 'Trường Tiểu học Tân Long Hội A', NULL, NULL),
(749, 1, 3400, 'Trường Tiểu học Tân Long Hội B', NULL, NULL),
(750, 1, 3400, 'Trường Tiểu học Tân Long Hội C', NULL, NULL),
(751, 1, 3400, 'Trường Tiểu học An Phước A', NULL, NULL),
(752, 1, 3402, 'Trường Tiểu học Lưu Văn Liệt', NULL, NULL),
(753, 1, 3402, 'Trường Tiểu học Tường Lộc A', NULL, NULL),
(754, 1, 3402, 'Trường Tiểu học Tường Lộc B', NULL, NULL),
(755, 1, 3402, 'Trường Tiểu học Mỹ Thạnh Trun Ga', NULL, NULL),
(756, 1, 3402, 'Trường Tiểu học Mỹ Thạnh Trung B', NULL, NULL),
(757, 1, 3402, 'Trường Tiểu học Hoà Lộc A', NULL, NULL),
(758, 1, 3402, 'Trường Tiểu học Hoà Lộc B', NULL, NULL),
(759, 1, 3402, 'Trường Tiểu học Hoà Lộc C', NULL, NULL),
(760, 1, 3402, 'Trường Tiểu học Hoà Thạnh', NULL, NULL),
(761, 1, 3402, 'Trường Tiểu học Võ Văn Tưởng', NULL, NULL),
(762, 1, 3402, 'Trường Tiểu học Hoà Hiệp', NULL, NULL),
(763, 1, 3402, 'Trường Tiểu học Hoà Hiệp B', NULL, NULL),
(764, 1, 3402, 'Trường Tiểu học Tân Lộc', NULL, NULL),
(765, 1, 3402, 'Trường Tiểu học Tân Lộc B', NULL, NULL),
(766, 1, 3402, 'Trường Tiểu học Hậu Lộc', NULL, NULL),
(767, 1, 3402, 'Trường Tiểu học Mỹ Lộc', NULL, NULL),
(768, 1, 3402, 'Trường Tiểu học Nguyễn Thị Du', NULL, NULL),
(769, 1, 3402, 'Trường Tiểu học Lê Văn Lăng', NULL, NULL),
(770, 1, 3402, 'Trường Tiểu học Tân Phú A', NULL, NULL),
(771, 1, 3402, 'Trường Tiểu học Tân Phú B', NULL, NULL),
(772, 1, 3402, 'Trường Tiểu học Song Phú A', NULL, NULL),
(773, 1, 3402, 'Trường Tiểu học Song Phú B', NULL, NULL),
(774, 1, 3402, 'Trường Tiểu học Phú Thịnh A', NULL, NULL),
(775, 1, 3402, 'Trường Tiểu học Phú Thịnh B', NULL, NULL),
(776, 1, 3402, 'Trường Tiểu học Phú Lộc A', NULL, NULL),
(777, 1, 3402, 'Trường Tiểu học Phú Lộc B', NULL, NULL),
(778, 1, 3402, 'Trường Tiểu học Bình Ninh A', NULL, NULL),
(779, 1, 3402, 'Trường Tiểu học Bình Ninh B', NULL, NULL),
(780, 1, 3402, 'Trường Tiểu học Loan Mỹ A', NULL, NULL),
(781, 1, 3402, 'Trường Tiểu học Loan Mỹ B', NULL, NULL),
(782, 1, 3402, 'Trường Tiểu học Thạch Thia', NULL, NULL),
(783, 1, 3402, 'Trường Tiểu học Ngài Tứ A', NULL, NULL),
(784, 1, 3402, 'Trường Tiểu học Ngãi Từ B', NULL, NULL),
(785, 1, 3402, 'Trường Tiểu học Ngãi Tứ C', NULL, NULL),
(786, 1, 3402, 'Trường Tiểu học Ngãi Tứ D', NULL, NULL),
(787, 1, 3402, 'Trường Tiểu học Phú Lộc', NULL, NULL),
(788, 1, 3402, 'Trường Tiểu học Bình Ninh', NULL, NULL),
(789, 1, 3402, 'Trường Tiểu học Cái Ngang', NULL, NULL),
(790, 1, 3402, 'Trường Tiểu học Tô Hùng Vĩ', NULL, NULL),
(791, 1, 3402, 'Trường Tiểu học Long Phú', NULL, NULL),
(792, 1, 3404, 'Trường Tiểu học Thới Hoà C', NULL, NULL),
(793, 1, 3404, 'Trường Tiểu học Thới Hoà B', NULL, NULL),
(794, 1, 3404, 'Trường Tiểu học Thới Hoà A', NULL, NULL),
(795, 1, 3404, 'Trường Tiểu học Hựu Thành C', NULL, NULL),
(796, 1, 3404, 'Trường Tiểu học Hựu Thành B', NULL, NULL),
(797, 1, 3404, 'Trường Tiểu học Hựu Thành A', NULL, NULL),
(798, 1, 3404, 'Trường Tiểu học Thuận Thới A', NULL, NULL),
(799, 1, 3404, 'Trường Tiểu học Thuận Thới B', NULL, NULL),
(800, 1, 3404, 'Trường Tiểu học Vĩnh Xuân C', NULL, NULL),
(801, 1, 3404, 'Trường Tiểu học Thị trấn A Trà Ôn', NULL, NULL),
(802, 1, 3404, 'Trường Tiểu học Thị trấn Trà Ôn B', NULL, NULL),
(803, 1, 3404, 'Trường Tiểu học Thiện Mỹ A', NULL, NULL),
(804, 1, 3404, 'Trường Tiểu học Thiện Mỹ B', NULL, NULL),
(805, 1, 3404, 'Trường Tiểu học Vĩnh Xuân A', NULL, NULL),
(806, 1, 3404, 'Trường Tiểu học Vĩnh Xuân B', NULL, NULL),
(807, 1, 3404, 'Trường Tiểu học Xuân Hiệp A', NULL, NULL),
(808, 1, 3404, 'Trường Tiểu học Xuân Hiệp B', NULL, NULL),
(809, 1, 3404, 'Trường Tiểu học Hoà Bình A', NULL, NULL),
(810, 1, 3404, 'Trường Tiểu học Hoà Bình B', NULL, NULL),
(811, 1, 3404, 'Trường Tiểu học Hoà Bình C', NULL, NULL),
(812, 1, 3404, 'Trường Tiểu học Hoà Bình D', NULL, NULL),
(813, 1, 3404, 'Trường Tiểu học Nhơn Bình A', NULL, NULL),
(814, 1, 3404, 'Trường Tiểu học Nhơn Bình B', NULL, NULL),
(815, 1, 3404, 'Trường Tiểu học Nhơn Bình C', NULL, NULL),
(816, 1, 3404, 'Trường Tiểu học Trà Côn A', NULL, NULL),
(817, 1, 3404, 'Trường Tiểu học Trà Côn B', NULL, NULL),
(818, 1, 3404, 'Trường Tiểu học Trà Côn C', NULL, NULL),
(819, 1, 3404, 'Trường Tiểu học Tân Mỹ A', NULL, NULL),
(820, 1, 3404, 'Trường Tiểu học Tân Mỹ B', NULL, NULL),
(821, 1, 3404, 'Trường Tiểu học Tân Mỹ C', NULL, NULL),
(822, 1, 3404, 'Trường Tiểu học Lục Sĩ Thành A', NULL, NULL),
(823, 1, 3404, 'Trường Tiểu học Lục Sĩ Thành B', NULL, NULL),
(824, 1, 3404, 'Trường Tiểu học Lục Sĩ Thành C', NULL, NULL),
(825, 1, 3404, 'Trường Tiểu học Phú Thành', NULL, NULL),
(826, 1, 3404, 'Trường Tiểu học Tích Thiện', NULL, NULL),
(827, 1, 3401, 'Trường Tiểu học Tân An Luông A', NULL, NULL),
(828, 1, 3401, 'Trường Tiểu học Tân An Luông B', NULL, NULL),
(829, 1, 3401, 'Trường Tiểu học Hiếu Phụng A', NULL, NULL),
(830, 1, 3401, 'Trường Tiểu học Hiếu Phụng B', NULL, NULL),
(831, 1, 3401, 'Trường Tiểu học Hiếu Thuận A', NULL, NULL),
(832, 1, 3401, 'Trường Tiểu học Hiếu Thuận B', NULL, NULL),
(833, 1, 3401, 'Trường Tiểu học Hiếu Nhơn A', NULL, NULL),
(834, 1, 3401, 'Trường Tiểu học Hiếu Nhơn B', NULL, NULL),
(835, 1, 3401, 'Trường Tiểu học Hiếu Nhơn C', NULL, NULL),
(836, 1, 3401, 'Trường Tiểu học Hiếu Nhơn D', NULL, NULL),
(837, 1, 3401, 'Trường Tiểu học Hiếu Thành A', NULL, NULL),
(838, 1, 3401, 'Trường Tiểu học Hiếu Thành B', NULL, NULL),
(839, 1, 3401, 'Trường Tiểu học Hiếu Nghĩa A', NULL, NULL),
(840, 1, 3401, 'Trường Tiểu học Hiếu Nghĩa B', NULL, NULL),
(841, 1, 3401, 'Trường Tiểu học Hiếu Nghĩa C', NULL, NULL),
(842, 1, 3401, 'Trường Tiểu học Trung Hiếu A', NULL, NULL),
(843, 1, 3401, 'Trường Tiểu học Trung Hiếu B', NULL, NULL),
(844, 1, 3401, 'Trường Tiểu học Trung Điũn', NULL, NULL),
(845, 1, 3401, 'Trường Tiểu học Trung An A', NULL, NULL),
(846, 1, 3401, 'Trường Tiểu học Trung Hoà 1', NULL, NULL),
(847, 1, 3401, 'Trường Tiểu học Trủng Ngải A', NULL, NULL),
(848, 1, 3401, 'Trường Tiểu học Trung Ngải B', NULL, NULL),
(849, 1, 3401, 'Trường Tiểu học Trung Nghĩa A', NULL, NULL),
(850, 1, 3401, 'Trường Tiểu học Đặng Thị Chính', NULL, NULL),
(851, 1, 3401, 'Trường Tiểu học Trung Nghĩa C', NULL, NULL),
(852, 1, 3401, 'Trường Tiểu học Đức Hoà', NULL, NULL),
(853, 1, 3401, 'Trường Tiểu học Trung Thành Đông B', NULL, NULL),
(854, 1, 3401, 'Trường Tiểu học Trung Thành Tây A', NULL, NULL),
(855, 1, 3401, 'Trường Tiểu học Trung Thành Tây B', NULL, NULL),
(856, 1, 3401, 'Trường Tiểu học Thị trấn Vũng Liêm', NULL, NULL),
(857, 1, 3401, 'Trường Tiểu học Trung Hiệp A', NULL, NULL),
(858, 1, 3401, 'Trường Tiểu học Trung Hiệo', NULL, NULL),
(859, 1, 3401, 'Trường Tiểu học Trung Chánh A', NULL, NULL),
(860, 1, 3401, 'Trường Tiểu học Trung Chánh B', NULL, NULL),
(861, 1, 3401, 'Trường Tiểu học Tân Qưới Trung A', NULL, NULL),
(862, 1, 3401, 'Trường Tiểu học Tân Qưới Trung B', NULL, NULL),
(863, 1, 3401, 'Trường Tiểu học Tân Qưới Trung C', NULL, NULL),
(864, 1, 3401, 'Trường Tiểu học Qưới An A', NULL, NULL),
(865, 1, 3401, 'Trường Tiểu học Qưới An B', NULL, NULL),
(866, 1, 3401, 'Trường Tiểu học Qưới An C', NULL, NULL),
(867, 1, 3401, 'Trường Tiểu học Qưới Thiện A', NULL, NULL),
(868, 1, 3401, 'Trường Tiểu học Qưới Thiện B', NULL, NULL),
(869, 1, 3401, 'Trường Tiểu học Thành Bình A', NULL, NULL),
(870, 1, 3401, 'Trường Tiểu học Thanh Bình B', NULL, NULL),
(871, 1, 3401, 'Trường Tiểu học Thanh Bình C', NULL, NULL);
INSERT INTO `truong` (`MA_TRUONG`, `MA_BAC`, `MA_QH`, `TEN_TRUONG`, `created_at`, `updated_at`) VALUES
(872, 1, 3401, 'Trường Tiểu học Trung Hiếu C', NULL, NULL),
(873, 1, 3401, 'Trường Cấp 2- 3 Hiếu Nhơn', NULL, NULL),
(874, 1, 3401, 'Trường Tiểu học Trung Thành A', NULL, NULL),
(875, 1, 3401, 'Tiểu học Nguyễn Văn Thời', NULL, NULL),
(876, 1, 3401, 'Tiêu học Đặng Văn Hạnh', NULL, NULL),
(877, 1, 3401, 'Tiểu học Trần Ngọc Đảnh', NULL, NULL),
(878, 1, 3401, 'Tiêu học Nguyễn Văn Kết', NULL, NULL),
(879, 1, 3401, 'Tiểu học :Lê Thanh Vân', NULL, NULL),
(880, 1, 3401, 'Tiểu học Nguyễn Văn Quỳ', NULL, NULL),
(881, 1, 3401, 'Tiều học Huỳnh Văn Lời', NULL, NULL),
(882, 1, 3401, 'Tiểu học Hồ Đức Thắng', NULL, NULL),
(883, 1, 3401, 'Tiểu học Đỗ Quang Mười', NULL, NULL),
(884, 1, 3401, 'Tiểu học Võ Ngọc Tốt', NULL, NULL),
(885, 1, 3401, 'Trường Tiểu học Lê Văn Cư', NULL, NULL),
(886, 1, 3401, 'Trường Tiểu học Trung Thành Đông A', NULL, NULL),
(887, 1, 3398, 'Trường Tiểu học Nguyễn Du', NULL, NULL),
(888, 1, 3398, 'Trường Tiểu học Hùng Vương', NULL, NULL),
(889, 1, 3398, 'Trường Tiểu học Trần Quốc Toản', NULL, NULL),
(890, 1, 3398, 'Trường Tiểu học Chu Văn An', NULL, NULL),
(891, 1, 3398, 'Trường Tiểu học Phạm Hùng', NULL, NULL),
(892, 1, 3398, 'Trường Tiểu học Lý Tự Trọng', NULL, NULL),
(893, 1, 3398, 'Trường Tiểu học Nguyễn Hữu Huận', NULL, NULL),
(894, 1, 3398, 'Trường Tiểu học Nguyễn Trung Trực', NULL, NULL),
(895, 1, 3398, 'Trường Tiểu học Lê Hồng Phong', NULL, NULL),
(896, 1, 3398, 'Trường Tiểu học Lý Thường Kiệt', NULL, NULL),
(897, 1, 3398, 'Trường tiểu học Trần Đại Nghĩa', NULL, NULL),
(898, 1, 3398, 'Trường Sư phạm thực hành', NULL, NULL),
(899, 1, 3398, 'Trường Tiểu học Nguyễn Huệ', NULL, NULL),
(900, 1, 3398, 'Trường Tiểu học Ngô Quyền', NULL, NULL),
(901, 1, 3398, 'Trường Tiểu học Lê Lợi', NULL, NULL),
(902, 1, 3398, 'Trường Tiểu học Trần Quốc Tuấn', NULL, NULL),
(903, 1, 3398, 'Trường Tiểu học Nguyễn Chí Thanh', NULL, NULL),
(904, 1, 3398, 'Trường Tiểu học Thiềng Đức', NULL, NULL),
(905, 1, 3398, 'Trường Tiểu học Trương Định', NULL, NULL),
(906, 1, 3398, 'Trường Tiểu học tư thục Vĩnh Liên', NULL, NULL),
(907, 1, 3482, 'Trường Tiểu học Lương Thế Trân 1', NULL, NULL),
(908, 1, 3482, 'Trường Tiểu học Lương Thế Trân 2', NULL, NULL),
(909, 1, 3482, 'Trường Tiểu học Lương Thế Trân 3', NULL, NULL),
(910, 1, 3482, 'Trường Tiểu học Lương Thế Trân 4', NULL, NULL),
(911, 1, 3482, 'Trường Tiểu học Trung Hưng', NULL, NULL),
(912, 1, 3482, 'Trường Tiểu học Thạnh Phú', NULL, NULL),
(913, 1, 3482, 'Trường Tiểu học Phú Hưng', NULL, NULL),
(914, 1, 3482, 'Trường Tiểu học Phú Hưng A', NULL, NULL),
(915, 1, 3482, 'Trường Tiểu học Phú Hưng B', NULL, NULL),
(916, 1, 3482, 'Trường Tiểu học Phú Hưng C', NULL, NULL),
(917, 1, 3482, 'Trường Tiểu học Tân Hưng 1', NULL, NULL),
(918, 1, 3482, 'Trường Tiểu học Tân Hưng 2', NULL, NULL),
(919, 1, 3482, 'Trường Tiểu học Tân Hưng 3', NULL, NULL),
(920, 1, 3482, 'Trường Tiểu học Thạnh Hưng', NULL, NULL),
(921, 1, 3482, 'Trường Tiểu học Tân Hưng Đông 1', NULL, NULL),
(922, 1, 3482, 'Trường Tiểu học Tân Hưng Đông 2', NULL, NULL),
(923, 1, 3482, 'Trường Tiểu học Tân Hưng Đông 3', NULL, NULL),
(924, 1, 3482, 'Trường Tiểu học Đông Thới 1', NULL, NULL),
(925, 1, 3482, 'Trường Tiểu học Đông Thới 2', NULL, NULL),
(926, 1, 3482, 'Trường Tiểu học Đông Thới 3', NULL, NULL),
(927, 1, 3482, 'Trường Tiểu học Cái Nước 1', NULL, NULL),
(928, 1, 3482, 'Trường Tiểu học Cái Nước 2', NULL, NULL),
(929, 1, 3482, 'Trường Tiểu học Cái Nước 3', NULL, NULL),
(930, 1, 3482, 'Trường Tiểu học Trần Thời 2', NULL, NULL),
(931, 1, 3482, 'Trường Tiểu học Trần Thời 3', NULL, NULL),
(932, 1, 3482, 'Trường Tiểu học Trần Thời 4', NULL, NULL),
(933, 1, 3482, 'Trường Tiểu học Phú Mỹ 4', NULL, NULL),
(934, 1, 3482, 'Trường Tiểu học Hưng Mỹ 2', NULL, NULL),
(935, 1, 3482, 'Trường Tiểu học Hưng Mỹ 3', NULL, NULL),
(936, 1, 3482, 'Trường Tiểu học Bình Mỹ', NULL, NULL),
(937, 1, 3482, 'Trường Tiểu học Hưng Tây A', NULL, NULL),
(938, 1, 3482, 'Trường Tiểu học Hưng Tây B', NULL, NULL),
(939, 1, 3482, 'Trường Tiểu học Hưng Tây C', NULL, NULL),
(940, 1, 3482, 'Trường Tiểu học Hưng Mỹ 1', NULL, NULL),
(941, 1, 3482, 'Trường Tiểu học Thạnh Phú 3', NULL, NULL),
(942, 1, 3482, 'Trường Tiểu học Thạnh Phú 1', NULL, NULL),
(943, 1, 3482, 'Trường Tiểu học Thạnh Phú 2', NULL, NULL),
(944, 1, 3483, 'Trường Tiểu học Tân Khánh', NULL, NULL),
(945, 1, 3483, 'Trường Tiểu học Ngô Bình An', NULL, NULL),
(946, 1, 3483, 'Trường Tiểu học Mương Điều', NULL, NULL),
(947, 1, 3483, 'Trường Tiểu học Thành Điền', NULL, NULL),
(948, 1, 3483, 'Trường Tiểu học Tân Thành', NULL, NULL),
(949, 1, 3483, 'Trường Tiểu học Tân Thới', NULL, NULL),
(950, 1, 3483, 'Trường Tiểu học Thới Phong', NULL, NULL),
(951, 1, 3483, 'Trường Tiểu học Tân Đức', NULL, NULL),
(952, 1, 3483, 'Trường Tiểu học Tân Phước', NULL, NULL),
(953, 1, 3483, 'Trường Tiểu học Hiệp Bình', NULL, NULL),
(954, 1, 3483, 'Trường Tiểu học Hoà Bình', NULL, NULL),
(955, 1, 3483, 'Trường Tiểu học Tân Thuận', NULL, NULL),
(956, 1, 3483, 'Trường Tiểu học Thuận Hoà', NULL, NULL),
(957, 1, 3483, 'Trường Tiểu học Lưu Hoa Thanh', NULL, NULL),
(958, 1, 3483, 'Trường Tiểu học Tân Tiến', NULL, NULL),
(959, 1, 3483, 'Trường Tiểu học Long Hoà', NULL, NULL),
(960, 1, 3483, 'Trường Tiểu học Tân Long', NULL, NULL),
(961, 1, 3483, 'Trường Tiểu học Hồng Phứơc', NULL, NULL),
(962, 1, 3483, 'Trường Tiểu học Vàm Đầm', NULL, NULL),
(963, 1, 3483, 'Trường Tiểu học Minh Hùng', NULL, NULL),
(964, 1, 3483, 'Trường Tiểu học Thanh Tùng', NULL, NULL),
(965, 1, 3483, 'Trường Tiểu học Tân Điền', NULL, NULL),
(966, 1, 3483, 'Trường Tiểu học Ngọc Chánh', NULL, NULL),
(967, 1, 3483, 'Trường Tiểu học Tân Hùng', NULL, NULL),
(968, 1, 3483, 'Trường Tiểu học Tân Dân', NULL, NULL),
(969, 1, 3483, 'Trường Tiểu học Tân Hồng', NULL, NULL),
(970, 1, 3483, 'Trường Tiểu học Đồng Tâm', NULL, NULL),
(971, 1, 3483, 'Trường Tiểu học Tân Duyệt', NULL, NULL),
(972, 1, 3483, 'Trường Tiểu học Chà Là', NULL, NULL),
(973, 1, 3483, 'Trường Tiểu học Phan Ngọc Hiển', NULL, NULL),
(974, 1, 3483, 'Trường Tiểu học Trần Văn Phán', NULL, NULL),
(975, 1, 3483, 'Trường Tiểu học Tân Trung', NULL, NULL),
(976, 1, 3483, 'Trường Tiểu học Thành Vọng', NULL, NULL),
(977, 1, 3483, 'Trường Tiểu học Cái Keo', NULL, NULL),
(978, 1, 3483, 'Trường Tiểu học Tân Trung', NULL, NULL),
(979, 1, 3483, 'Trường Tiểu học An Lập', NULL, NULL),
(980, 1, 3483, 'Trường Tiểu học Bến Bào', NULL, NULL),
(981, 1, 3486, 'Trường Tiểu học Thị trấn Năm Căn', NULL, NULL),
(982, 1, 3486, 'Trường Tiểu học 3 Thị trấn Năm Căn', NULL, NULL),
(983, 1, 3486, 'Trường Tiểu học Xã Đất Mới', NULL, NULL),
(984, 1, 3486, 'Trường Tiểu học 2 Xã Đất Mới', NULL, NULL),
(985, 1, 3486, 'Trường Tiểu học 3 Xã Đất Mới', NULL, NULL),
(986, 1, 3486, 'Trường Tiểu học 4 Xã Đất Mới', NULL, NULL),
(987, 1, 3486, 'Trường Tiểu học 5 Xã Đất Mới', NULL, NULL),
(988, 1, 3486, 'Trường Tiểu học 1 Xã Hàm Rồng', NULL, NULL),
(989, 1, 3486, 'Trường Tiểu học 2 Xã Hàm Rồng', NULL, NULL),
(990, 1, 3486, 'Trường Tiểu học 1 Xã Hàm Vịnh', NULL, NULL),
(991, 1, 3486, 'Trường Tiểu học 2 Xã Hàm Vịnh', NULL, NULL),
(992, 1, 3486, 'Trường Tiểu học 1 Xã Hiệp Tùng', NULL, NULL),
(993, 1, 3486, 'Trường Tiểu học 2 Xã Hiệp Tùng', NULL, NULL),
(994, 1, 3486, 'Trường Tiểu học 1 Xã Tam Giang', NULL, NULL),
(995, 1, 3486, 'Trường Tiểu học 2 Xã Tam Giang', NULL, NULL),
(996, 1, 3486, 'Trường Tiểu học 2 Xã Tam Giang Tây', NULL, NULL),
(997, 1, 3486, 'Trường Tiểu học 1 Xã Tam Giang Đông', NULL, NULL),
(998, 1, 3486, 'Trường Tiểu học 1 Xã Tân Ân', NULL, NULL),
(999, 1, 3486, 'Trường Tiểu học 2 Xã Tân Ân', NULL, NULL),
(1000, 1, 3486, 'Trường Tiểu học 3 Xã Tân Ân', NULL, NULL),
(1001, 1, 3486, 'Trường Tiểu học 1 Xã Tân Ân Tây', NULL, NULL),
(1002, 1, 3486, 'Trường Tiểu học 2 Xã Tân Ân Tây', NULL, NULL),
(1003, 1, 3486, 'Trường Tiểu học 1 Xã Viên An Đông', NULL, NULL),
(1004, 1, 3486, 'Trường Tiểu học 2 Xã Viên An Đông', NULL, NULL),
(1005, 1, 3486, 'Trường Tiểu học 3 Xã Viên An Đông', NULL, NULL),
(1006, 1, 3486, 'Trường Tiểu học 1 Xã Viên An', NULL, NULL),
(1007, 1, 3486, 'Trường Tiểu học 2 Xã Viên An', NULL, NULL),
(1008, 1, 3486, 'Trường Tiểu học 3 Xã Viên An', NULL, NULL),
(1009, 1, 3486, 'Trường Tiểu học 1 Xã Đất Mũi', NULL, NULL),
(1010, 1, 3486, 'Trường Tiểu học 2 Xã Đất Mũi', NULL, NULL),
(1011, 1, 3486, 'Trường Tiểu học 1 thị trấn Rạch Gốc', NULL, NULL),
(1012, 1, 3486, 'Trường Tiểu học 2 thị trấn Rạch Gốc', NULL, NULL),
(1013, 1, 3486, 'Trường Tiểu học 3 Xã Đất Mũi', NULL, NULL),
(1014, 1, 3480, 'Trường Tiểu học Thị trấn A', NULL, NULL),
(1015, 1, 3480, 'Trường Tiểu học Thị trấn B', NULL, NULL),
(1016, 1, 3480, 'Trường Tiểu học Thới Bình A', NULL, NULL),
(1017, 1, 3480, 'Trường Tiểu học Thới Bình B', NULL, NULL),
(1018, 1, 3480, 'Trường Tiểu học Thới Bình C', NULL, NULL),
(1019, 1, 3480, 'Trường Tiểu học Thới Hoà', NULL, NULL),
(1020, 1, 3480, 'Trường Tiểu học Khánh Thới', NULL, NULL),
(1021, 1, 3480, 'Trường Tiểu học Hồ Thị Kỷ A', NULL, NULL),
(1022, 1, 3480, 'Trường Tiểu học Hồ Fthị Kỷ B', NULL, NULL),
(1023, 1, 3480, 'Trường Tiểu học Tân Lợi', NULL, NULL),
(1024, 1, 3480, 'Trường Tiểu học Bào Nhàn', NULL, NULL),
(1025, 1, 3480, 'Trường Tiểu học Thới Thuận', NULL, NULL),
(1026, 1, 3480, 'Trường Tiểu học Biển Bạch Đông', NULL, NULL),
(1027, 1, 3480, 'Trường Tiểu học Biển Bạch', NULL, NULL),
(1028, 1, 3480, 'Trường Tiểu học Biển Bạch Tân', NULL, NULL),
(1029, 1, 3480, 'Trường Tiểu học Biển Bạch Tây', NULL, NULL),
(1030, 1, 3480, 'Trường Tiểu học Trí Phải', NULL, NULL),
(1031, 1, 3480, 'Trường Tiểu học Trí Phải Tây', NULL, NULL),
(1032, 1, 3480, 'Trường Tiểu học Trí Phải Đông', NULL, NULL),
(1033, 1, 3480, 'Trường Tiểu học Tân Phú', NULL, NULL),
(1034, 1, 3480, 'Trường Tiểu học Tân Xuân', NULL, NULL),
(1035, 1, 3480, 'Trường Tiểu học Tân Quý', NULL, NULL),
(1036, 1, 3480, 'Trường Tiểu học Tân Bình', NULL, NULL),
(1037, 1, 3480, 'Trường Tiểu học Tân Thới', NULL, NULL),
(1038, 1, 3480, 'Trường Tiểu học Tân Lộc', NULL, NULL),
(1039, 1, 3480, 'Trường Tiểu học Phong Tiến', NULL, NULL),
(1040, 1, 3481, 'Trường Tiểu học Khánh Hưng 2', NULL, NULL),
(1041, 1, 3481, 'Trường Tiểu học Khánh Hưng 3', NULL, NULL),
(1042, 1, 3481, 'Trường Tiểu học Khánh Hưng 4', NULL, NULL),
(1043, 1, 3481, 'Trường Tiểu học Khánh Bình Đông 1', NULL, NULL),
(1044, 1, 3481, 'Trường Tiểu học Khánh Bình Đông 2', NULL, NULL),
(1045, 1, 3481, 'Trường Tiểu học Khánh Bình Đông 3', NULL, NULL),
(1046, 1, 3481, 'Trường Tiểu học Khánh Bình Đông 4', NULL, NULL),
(1047, 1, 3481, 'Trường Tiểu học Khánh Bình Đông 5', NULL, NULL),
(1048, 1, 3481, 'Trường Tiểu học Khánh Bình Đông 6', NULL, NULL),
(1049, 1, 3481, 'Trường Tiểu học Lâm Ngự Trường 1', NULL, NULL),
(1050, 1, 3481, 'Trường Tiểu học Lâm Ngự Trường 2', NULL, NULL),
(1051, 1, 3481, 'Trường Tiểu học Khánh Hà', NULL, NULL),
(1052, 1, 3481, 'Trường Tiểu học Nông Trường 402', NULL, NULL),
(1053, 1, 3481, 'Trường Tiểu học Khánh Bình Tây Bắc 1', NULL, NULL),
(1054, 1, 3481, 'Trường Tiểu học Khánh Bình Tây Bắc 2', NULL, NULL),
(1055, 1, 3481, 'Trường Tiểu học Khánh Bình Tây', NULL, NULL),
(1056, 1, 3481, 'Trường Tiểu học Đá Bạc', NULL, NULL),
(1057, 1, 3481, 'Trường Tiểu học Khánh Hải 1', NULL, NULL),
(1058, 1, 3481, 'Trường Tiểu học Khánh Hải 2', NULL, NULL),
(1059, 1, 3481, 'Trường Tiểu học Khánh Hải 3', NULL, NULL),
(1060, 1, 3481, 'Trường Tiểu học Khánh Hải 4', NULL, NULL),
(1061, 1, 3481, 'Trường Tiểu học Lợi An 1', NULL, NULL),
(1062, 1, 3481, 'Trường Tiểu học Lợi An 2', NULL, NULL),
(1063, 1, 3481, 'Trường Tiểu học Lợi An 3', NULL, NULL),
(1064, 1, 3481, 'Trường Tiểu học Lợi An 4', NULL, NULL),
(1065, 1, 3481, 'Trường Tiểu học Phong Lạc 1', NULL, NULL),
(1066, 1, 3481, 'Trường Tiểu học Phong Lạc 2', NULL, NULL),
(1067, 1, 3481, 'Trường Tiểu học Phong Lạc 3', NULL, NULL),
(1068, 1, 3481, 'Trường Tiểu học Phong Lạc 4', NULL, NULL),
(1069, 1, 3481, 'Trường Tiểu học Phong Lạc 5', NULL, NULL),
(1070, 1, 3481, 'Trường Tiểu học Đất Biển', NULL, NULL),
(1071, 1, 3481, 'Trường Tiểu học Khánh Bình 1', NULL, NULL),
(1072, 1, 3481, 'Trường Tiểu học Khánh Bình 2', NULL, NULL),
(1073, 1, 3481, 'Trường Tiểu học Khánh Bình 3', NULL, NULL),
(1074, 1, 3481, 'Trường Tiểu học U Minh 1', NULL, NULL),
(1075, 1, 3481, 'Trường Tiểu học U Minh 2', NULL, NULL),
(1076, 1, 3481, 'Trường Tiểu học U Minh 3', NULL, NULL),
(1077, 1, 3481, 'Trường Tiểu học Thị trấn Trần Văn Thời 1', NULL, NULL),
(1078, 1, 3481, 'Trường Tiểu học Thị trấn Trần Văn Thời 2', NULL, NULL),
(1079, 1, 3481, 'Trường Tiểu học Sông Đốc 1', NULL, NULL),
(1080, 1, 3481, 'Trường Tiểu học Sông Đốc 2', NULL, NULL),
(1081, 1, 3481, 'Trường Tiểu học Sông Đốc 3', NULL, NULL),
(1082, 1, 3481, 'Trường Tiểu học Sông Đốc 4', NULL, NULL),
(1083, 1, 3481, 'Trường Tiểu học Nông Trường Sông Đốc', NULL, NULL),
(1084, 1, 3481, 'Trường Tiểu Học 1 Trần Hợi', NULL, NULL),
(1085, 1, 3481, 'Trường Tiểu học Trần Hội 2', NULL, NULL),
(1086, 1, 3481, 'Trường Tiểu học Trần Hội 3', NULL, NULL),
(1087, 1, 3481, 'Trường Tiểu học Trần Hội 4', NULL, NULL),
(1088, 1, 3481, 'Trường Tiểu học Trần Hội 5', NULL, NULL),
(1089, 1, 3481, 'Trường Tiểu học Khánh Hưng 1', NULL, NULL),
(1090, 1, 3481, 'TH1 xã Khánh Lộc', NULL, NULL),
(1091, 1, 3481, 'Trường Tiểu học 2 Phong Điền', NULL, NULL),
(1092, 1, 3481, 'Trường Tiểu học 6 Sông Đốc', NULL, NULL),
(1093, 1, 3479, 'Trường Tiểu học Nguyễn Việt Khái', NULL, NULL),
(1094, 1, 3479, 'Trường Tiểu học Đặng Thùy Trâm', NULL, NULL),
(1095, 1, 3479, 'Trường Tiểu học Trường An', NULL, NULL),
(1096, 1, 3479, 'Trường Tiểu học Quỳnh Quảng', NULL, NULL),
(1097, 1, 3479, 'Trường Tiểu học Vương Nhị Chi', NULL, NULL),
(1098, 1, 3479, 'Trường Tiểu học Nguyễn Phích', NULL, NULL),
(1099, 1, 3479, 'Trường Tiểu học Ng. Văn Tố', NULL, NULL),
(1100, 1, 3479, 'Trường Tiểu học Trịnh Minh Hưởng', NULL, NULL),
(1101, 1, 3479, 'Trường Tiểu học Nguyễn Văn Huyên', NULL, NULL),
(1102, 1, 3479, 'Trường Tiểu học Thái Văn Lung', NULL, NULL),
(1103, 1, 3479, 'Trường Tiểu học Võ Trường Toản', NULL, NULL),
(1104, 1, 3479, 'Trường Tiểu học Nguyễn Thị Minh Khai', NULL, NULL),
(1105, 1, 3479, 'Trường Tiểu học Kim Đồng', NULL, NULL),
(1106, 1, 3479, 'Trường Tiểu học Lê Văn Tám', NULL, NULL),
(1107, 1, 3479, 'Trường Tiểu học Trần Đại Nghĩa', NULL, NULL),
(1108, 1, 3479, 'Trường Tiểu học Mạc Cửu', NULL, NULL),
(1109, 1, 3479, 'Trường Tiểu học Trần Quốc Toản', NULL, NULL),
(1110, 1, 3479, 'Trường Tiểu học Võ Thị Sáu', NULL, NULL),
(1111, 1, 3479, 'Trường Tiểu học Đỗ Thừa Tự', NULL, NULL),
(1112, 1, 3479, 'Trường Tiểu học Nguyễn Văn Hài', NULL, NULL),
(1113, 1, 3479, 'Trường Tiểu học Đỗ Thừa Luông', NULL, NULL),
(1114, 1, 3479, 'Trường Tiểu học Đào Duy Từ', NULL, NULL),
(1115, 1, 3479, 'Trường Tiểu học Lê Qúi Đôn', NULL, NULL),
(1116, 1, 3479, 'Trường Tiểu học Nguyễn Hiền', NULL, NULL),
(1117, 1, 3479, 'Trường Tiểu học Nguyễn Bỉnh Khiêm', NULL, NULL),
(1118, 1, 3479, 'Trường Tiểu học Võ Văn Tần', NULL, NULL),
(1119, 1, 3478, 'Trường Tiểu học Tân Thành 2', NULL, NULL),
(1120, 1, 3478, 'Trường Tiểu học Đỗ Thừa Luông', NULL, NULL),
(1121, 1, 3478, 'Trường Tiểu học Đinh Tiên Hoàng', NULL, NULL),
(1122, 1, 3478, 'Trường Tiểu học Nguyễn Tao', NULL, NULL),
(1123, 1, 3478, 'Trường Tiểu học Phường 4', NULL, NULL),
(1124, 1, 3478, 'Trường Tiểu học Hùng Vương', NULL, NULL),
(1125, 1, 3478, 'Trường Tiểu học Quang Trung', NULL, NULL),
(1126, 1, 3478, 'Trường Tiểu học Nguyễn Văn Trỗi', NULL, NULL),
(1127, 1, 3478, 'Trường Tiểu học Lý Thường Kiệt', NULL, NULL),
(1128, 1, 3478, 'Trường Tiểu học Phường 6/2', NULL, NULL),
(1129, 1, 3478, 'Trường Tiểu học Phường 7/1', NULL, NULL),
(1130, 1, 3478, 'Trường Tiểu học Phường 7/2', NULL, NULL),
(1131, 1, 3478, 'Trường Tiểu học Phường8/1', NULL, NULL),
(1132, 1, 3478, 'Trường Tiểu học Nguyễn Đình Chiểu', NULL, NULL),
(1133, 1, 3478, 'Trường Tiểu học Lê Quý Đôn', NULL, NULL),
(1134, 1, 3478, 'Trường Tiểu học Lý Văn Lâm 1', NULL, NULL),
(1135, 1, 3478, 'Trường Tiểu học Lý Văn Lâm 2', NULL, NULL),
(1136, 1, 3478, 'Trường Tiểu học Hoà Thành 1', NULL, NULL),
(1137, 1, 3478, 'Trường Tiểu học Hoà Thành 2', NULL, NULL),
(1138, 1, 3478, 'Trường Tiểu học Hoà Thành 3', NULL, NULL),
(1139, 1, 3478, 'Trường Tiểu học Hoà Tân 1', NULL, NULL),
(1140, 1, 3478, 'Trường Tiểu học Hoà Tân 3', NULL, NULL),
(1141, 1, 3478, 'Trường Tiểu học Tân Thành 1', NULL, NULL),
(1142, 1, 3478, 'Trường Tiểu học Tân Định', NULL, NULL),
(1143, 1, 3478, 'Trường Tiểu học Kim Đồng', NULL, NULL),
(1144, 1, 3478, 'Trường Tiểu học Lê Văn Tám', NULL, NULL),
(1145, 1, 3478, 'Trường Tiểu học Tắc Vân 1', NULL, NULL),
(1146, 1, 3478, 'Trường Tiểu học Trần Hưng Đạo', NULL, NULL),
(1147, 1, 3478, 'Trường Tiểu học Tân Xuyên', NULL, NULL),
(1148, 1, 3478, 'Trường Tiểu học An Xuyên', NULL, NULL),
(1149, 1, 3478, 'Trường Tiểu học An Xuyên 3', NULL, NULL),
(1150, 1, 3478, 'Trường Tiểu học Lý Tự Trọng', NULL, NULL),
(1151, 1, 3478, 'Trường THPT Hồ Thị Kỷ', NULL, NULL),
(1152, 1, 3478, 'Trường Phổ thông Hermann Gmeiner', NULL, NULL),
(1153, 1, 3478, 'Trường Tiểu học Phan Ngọc Hiển', NULL, NULL),
(1154, 1, 3478, 'Trường Tiểu học Tân Hưng', NULL, NULL),
(1155, 1, 3478, 'Trường Tiểu học Nguyễn Trãi', NULL, NULL),
(1156, 1, 3478, 'Trường Tiểu học Trần Quốc Toản', NULL, NULL),
(1157, 1, 3484, 'Trường Tiểu học số 1 thị trấn Năm Căn', NULL, NULL),
(1158, 1, 3484, 'Trường Tiểu học số 3 thị trấn Năm Căn', NULL, NULL),
(1159, 1, 3484, 'Tiểu học 2 thị trấn Năm Căn', NULL, NULL),
(1160, 1, 3484, 'Trường Lê Văn Tám', NULL, NULL),
(1161, 1, 3484, 'Trường Tiểu học xã Hàng Vịnh', NULL, NULL),
(1162, 1, 3484, 'Trường Tiểu học xã Hàm Rồng', NULL, NULL),
(1163, 1, 3484, 'Trường Tiểu học Kim Đồng', NULL, NULL),
(1164, 1, 3484, 'Trường Tiểu học số 4 xã Đất Mới', NULL, NULL),
(1165, 1, 3484, 'Trường Tiểu học xã Lâm Hải', NULL, NULL),
(1166, 1, 3484, 'TRƯỜNG TIỂU HỌC 2 XÃ HIỆP TÙNG', NULL, NULL),
(1167, 1, 3484, 'Trường Tiểu học 1 Tam Giang Đông', NULL, NULL),
(1168, 1, 3485, 'Trường Tiểu học Phú Mỹ 1', NULL, NULL),
(1169, 1, 3485, 'Trường Tiểu học Phú Mỹ 2', NULL, NULL),
(1170, 1, 3485, 'Trường Tiểu học Phú Mỹ 3', NULL, NULL),
(1171, 1, 3485, 'Trường Tiểu học Việt Thắng 1', NULL, NULL),
(1172, 1, 3485, 'Trường Tiểu học Việt Thắng 2', NULL, NULL),
(1173, 1, 3485, 'Trường Tiểu học Bào Thùng', NULL, NULL),
(1174, 1, 3485, 'Trường Tiểu học Quảng Phú', NULL, NULL),
(1175, 1, 3485, 'Trường Tiểu học Phú Tân', NULL, NULL),
(1176, 1, 3485, 'Trường Tiểu học Tân Nghiệp A', NULL, NULL),
(1177, 1, 3485, 'Trường Tiểu học Tân Nghiệp B', NULL, NULL),
(1178, 1, 3485, 'Trường Tiểu học Phú Hiệp', NULL, NULL),
(1179, 1, 3485, 'Trường Tiểu học Mỹ Bình', NULL, NULL),
(1180, 1, 3485, 'Trường Tiểu học Việt Khái 1', NULL, NULL),
(1181, 1, 3485, 'Trường Tiểu học Việt Khái 2', NULL, NULL),
(1182, 1, 3485, 'Trường Tiểu học Việt Khái 3', NULL, NULL),
(1183, 1, 3485, 'Trường Tiểu học Cái Đôi Vàm 1', NULL, NULL),
(1184, 1, 3485, 'Trường Tiểu học Cái Đôi Vàm 2', NULL, NULL),
(1185, 1, 3485, 'Trường Tiểu học Phú Mỹ 5', NULL, NULL),
(1186, 1, 3485, 'Tiểu học Tân Hưng Tây A', NULL, NULL),
(1187, 1, 3485, 'Tiểu học Tân Hưng Tây B', NULL, NULL),
(1188, 1, 3485, 'Tiểu học Tân Hưng Tây C', NULL, NULL),
(1189, 1, 3485, 'Trường Tiểu học Cái Đôi Vàm 3', NULL, NULL),
(1190, 1, 3485, 'Trường Tiểu học Cái Đôi Vàm 4', NULL, NULL),
(1191, 1, 3485, 'Trường Tiểu học Kim Đồng', NULL, NULL);

-- --------------------------------------------------------

--
-- Table structure for table `users`
--

CREATE TABLE `users` (
  `id` int(10) UNSIGNED NOT NULL,
  `username` varchar(255) COLLATE utf8_unicode_ci NOT NULL,
  `password` varchar(255) COLLATE utf8_unicode_ci NOT NULL,
  `MA_LOP` int(10) UNSIGNED NOT NULL,
  `HO_TEN` varchar(255) COLLATE utf8_unicode_ci NOT NULL,
  `EMAIL` varchar(255) COLLATE utf8_unicode_ci NOT NULL,
  `NGAY_SINH` date DEFAULT NULL,
  `GIOI_TINH` varchar(255) COLLATE utf8_unicode_ci DEFAULT NULL,
  `QUYEN` varchar(255) COLLATE utf8_unicode_ci NOT NULL,
  `remember_token` varchar(100) COLLATE utf8_unicode_ci DEFAULT NULL,
  `created_at` timestamp NULL DEFAULT NULL,
  `updated_at` timestamp NULL DEFAULT NULL
) ENGINE=InnoDB DEFAULT CHARSET=utf8 COLLATE=utf8_unicode_ci;

--
-- Dumping data for table `users`
--

INSERT INTO `users` (`id`, `username`, `password`, `MA_LOP`, `HO_TEN`, `EMAIL`, `NGAY_SINH`, `GIOI_TINH`, `QUYEN`, `remember_token`, `created_at`, `updated_at`) VALUES
(1, 'nhu1234', '$2y$10$MVshXa2IAKuYTZDR9CpkyeJHAKZt.vWZGr5qCEYggEgp8eqt9c7PW', 1, 'Nguyễn Thị Như', 'nhu@gmail.com', '2017-04-14', 'NỮ', '1', 'xBgMuFukQkdbqkKJAV6eIgmwTmWvyMq0CniIyh7OMLuKJQ1XJRa1T3A9jid7', '2017-04-25 10:20:21', '2017-04-25 10:20:21'),
(2, 'admin', '$2y$10$SsQeVEOI2HluRkcVb.H3M.AcHe9alr.IxKeYWxGBQjY2EfdXrvb9u', 2, 'admin', 'ntnhu@gmail.com', '2017-03-28', 'NAM', '2', 'PdOJkQHSs8QWlgQdQYBfNPq7tOkQlufKZlxUytDPHf0kmWzKPnJK2b4dxi6p', '2017-04-25 17:20:39', '2017-04-25 17:20:39'),
(3, 'huu1212', '$2y$10$7sHUekdt.TJS6b1kETY3oOa1jUSY/n.suygs7dsO37SoXTWkKzrq.', 3, 'TCH', 'huuuac@gmail.com', '2017-04-03', 'NAM', '1', '2IEL8eZysFNRrZqC1q7Uv9L35FPLeIKRwPyI8s2Q4CqBn0M1DG5Q3b47W9GN', '2017-04-26 17:12:28', '2017-04-26 17:12:28');

--
-- Indexes for dumped tables
--

--
-- Indexes for table `bac_hoc`
--
ALTER TABLE `bac_hoc`
  ADD PRIMARY KEY (`MA_BAC`),
  ADD UNIQUE KEY `bac_hoc_ten_bac_unique` (`TEN_BAC`);

--
-- Indexes for table `cau_hoi`
--
ALTER TABLE `cau_hoi`
  ADD PRIMARY KEY (`MA_CH`),
  ADD KEY `cau_hoi_ma_loai_foreign` (`MA_LOAI`),
  ADD KEY `cau_hoi_ma_de_foreign` (`MA_DE`);

--
-- Indexes for table `dap_an`
--
ALTER TABLE `dap_an`
  ADD PRIMARY KEY (`id`),
  ADD KEY `dap_an_ma_ch_foreign` (`MA_CH`);

--
-- Indexes for table `de_thi`
--
ALTER TABLE `de_thi`
  ADD PRIMARY KEY (`MA_DE`);

--
-- Indexes for table `gop_y`
--
ALTER TABLE `gop_y`
  ADD PRIMARY KEY (`MA_GY`);

--
-- Indexes for table `ket_qua`
--
ALTER TABLE `ket_qua`
  ADD PRIMARY KEY (`MA_KQ`),
  ADD KEY `MA_TK` (`MA_TK`);

--
-- Indexes for table `loai_cau_hoi`
--
ALTER TABLE `loai_cau_hoi`
  ADD PRIMARY KEY (`MA_LOAI`);

--
-- Indexes for table `loai_tin_tuc`
--
ALTER TABLE `loai_tin_tuc`
  ADD PRIMARY KEY (`MA_LOAITT`);

--
-- Indexes for table `lop`
--
ALTER TABLE `lop`
  ADD PRIMARY KEY (`MA_LOP`),
  ADD KEY `lop_ma_truong_foreign` (`MA_TRUONG`);

--
-- Indexes for table `migrations`
--
ALTER TABLE `migrations`
  ADD PRIMARY KEY (`id`);

--
-- Indexes for table `password_resets`
--
ALTER TABLE `password_resets`
  ADD KEY `password_resets_email_index` (`email`);

--
-- Indexes for table `quan_huyen`
--
ALTER TABLE `quan_huyen`
  ADD PRIMARY KEY (`MA_QH`),
  ADD KEY `quan_huyen_ma_tinh_foreign` (`MA_TINH`);

--
-- Indexes for table `tinh_thanhpho`
--
ALTER TABLE `tinh_thanhpho`
  ADD PRIMARY KEY (`MA_TINH`),
  ADD UNIQUE KEY `tinh_thanhpho_ten_tinh_unique` (`TEN_TINH`);

--
-- Indexes for table `tin_tuc`
--
ALTER TABLE `tin_tuc`
  ADD PRIMARY KEY (`MA_TINTUC`),
  ADD KEY `tin_tuc_ma_loaitt_foreign` (`MA_LOAITT`);

--
-- Indexes for table `truong`
--
ALTER TABLE `truong`
  ADD PRIMARY KEY (`MA_TRUONG`),
  ADD KEY `truong_ma_bac_foreign` (`MA_BAC`),
  ADD KEY `truong_ma_qh_foreign` (`MA_QH`);

--
-- Indexes for table `users`
--
ALTER TABLE `users`
  ADD PRIMARY KEY (`id`),
  ADD KEY `users_ma_lop_foreign` (`MA_LOP`);

--
-- AUTO_INCREMENT for dumped tables
--

--
-- AUTO_INCREMENT for table `bac_hoc`
--
ALTER TABLE `bac_hoc`
  MODIFY `MA_BAC` int(10) UNSIGNED NOT NULL AUTO_INCREMENT, AUTO_INCREMENT=4;
--
-- AUTO_INCREMENT for table `cau_hoi`
--
ALTER TABLE `cau_hoi`
  MODIFY `MA_CH` int(10) UNSIGNED NOT NULL AUTO_INCREMENT, AUTO_INCREMENT=75;
--
-- AUTO_INCREMENT for table `dap_an`
--
ALTER TABLE `dap_an`
  MODIFY `id` int(11) NOT NULL AUTO_INCREMENT, AUTO_INCREMENT=297;
--
-- AUTO_INCREMENT for table `de_thi`
--
ALTER TABLE `de_thi`
  MODIFY `MA_DE` int(10) UNSIGNED NOT NULL AUTO_INCREMENT, AUTO_INCREMENT=32;
--
-- AUTO_INCREMENT for table `gop_y`
--
ALTER TABLE `gop_y`
  MODIFY `MA_GY` int(10) UNSIGNED NOT NULL AUTO_INCREMENT, AUTO_INCREMENT=43;
--
-- AUTO_INCREMENT for table `ket_qua`
--
ALTER TABLE `ket_qua`
  MODIFY `MA_KQ` int(10) UNSIGNED NOT NULL AUTO_INCREMENT;
--
-- AUTO_INCREMENT for table `loai_cau_hoi`
--
ALTER TABLE `loai_cau_hoi`
  MODIFY `MA_LOAI` int(10) UNSIGNED NOT NULL AUTO_INCREMENT, AUTO_INCREMENT=2;
--
-- AUTO_INCREMENT for table `loai_tin_tuc`
--
ALTER TABLE `loai_tin_tuc`
  MODIFY `MA_LOAITT` int(10) UNSIGNED NOT NULL AUTO_INCREMENT;
--
-- AUTO_INCREMENT for table `lop`
--
ALTER TABLE `lop`
  MODIFY `MA_LOP` int(10) UNSIGNED NOT NULL AUTO_INCREMENT, AUTO_INCREMENT=4;
--
-- AUTO_INCREMENT for table `migrations`
--
ALTER TABLE `migrations`
  MODIFY `id` int(10) UNSIGNED NOT NULL AUTO_INCREMENT, AUTO_INCREMENT=17;
--
-- AUTO_INCREMENT for table `quan_huyen`
--
ALTER TABLE `quan_huyen`
  MODIFY `MA_QH` int(10) UNSIGNED NOT NULL AUTO_INCREMENT, AUTO_INCREMENT=3487;
--
-- AUTO_INCREMENT for table `tinh_thanhpho`
--
ALTER TABLE `tinh_thanhpho`
  MODIFY `MA_TINH` int(10) UNSIGNED NOT NULL AUTO_INCREMENT, AUTO_INCREMENT=317;
--
-- AUTO_INCREMENT for table `tin_tuc`
--
ALTER TABLE `tin_tuc`
  MODIFY `MA_TINTUC` int(10) UNSIGNED NOT NULL AUTO_INCREMENT;
--
-- AUTO_INCREMENT for table `truong`
--
ALTER TABLE `truong`
  MODIFY `MA_TRUONG` int(10) UNSIGNED NOT NULL AUTO_INCREMENT, AUTO_INCREMENT=1192;
--
-- AUTO_INCREMENT for table `users`
--
ALTER TABLE `users`
  MODIFY `id` int(10) UNSIGNED NOT NULL AUTO_INCREMENT, AUTO_INCREMENT=4;
--
-- Constraints for dumped tables
--

--
-- Constraints for table `cau_hoi`
--
ALTER TABLE `cau_hoi`
  ADD CONSTRAINT `cau_hoi_ma_de_foreign` FOREIGN KEY (`MA_DE`) REFERENCES `de_thi` (`MA_DE`),
  ADD CONSTRAINT `cau_hoi_ma_loai_foreign` FOREIGN KEY (`MA_LOAI`) REFERENCES `loai_cau_hoi` (`MA_LOAI`);

--
-- Constraints for table `dap_an`
--
ALTER TABLE `dap_an`
  ADD CONSTRAINT `dap_an_ma_ch_foreign` FOREIGN KEY (`MA_CH`) REFERENCES `cau_hoi` (`MA_CH`);

--
-- Constraints for table `ket_qua`
--
ALTER TABLE `ket_qua`
  ADD CONSTRAINT `MA_TK` FOREIGN KEY (`MA_TK`) REFERENCES `users` (`id`);

--
-- Constraints for table `lop`
--
ALTER TABLE `lop`
  ADD CONSTRAINT `lop_ma_truong_foreign` FOREIGN KEY (`MA_TRUONG`) REFERENCES `truong` (`MA_TRUONG`);

--
-- Constraints for table `quan_huyen`
--
ALTER TABLE `quan_huyen`
  ADD CONSTRAINT `quan_huyen_ma_tinh_foreign` FOREIGN KEY (`MA_TINH`) REFERENCES `tinh_thanhpho` (`MA_TINH`);

--
-- Constraints for table `tin_tuc`
--
ALTER TABLE `tin_tuc`
  ADD CONSTRAINT `tin_tuc_ma_loaitt_foreign` FOREIGN KEY (`MA_LOAITT`) REFERENCES `loai_tin_tuc` (`MA_LOAITT`);

--
-- Constraints for table `truong`
--
ALTER TABLE `truong`
  ADD CONSTRAINT `truong_ma_bac_foreign` FOREIGN KEY (`MA_BAC`) REFERENCES `bac_hoc` (`MA_BAC`),
  ADD CONSTRAINT `truong_ma_qh_foreign` FOREIGN KEY (`MA_QH`) REFERENCES `quan_huyen` (`MA_QH`);

--
-- Constraints for table `users`
--
ALTER TABLE `users`
  ADD CONSTRAINT `users_ma_lop_foreign` FOREIGN KEY (`MA_LOP`) REFERENCES `lop` (`MA_LOP`);

/*!40101 SET CHARACTER_SET_CLIENT=@OLD_CHARACTER_SET_CLIENT */;
/*!40101 SET CHARACTER_SET_RESULTS=@OLD_CHARACTER_SET_RESULTS */;
/*!40101 SET COLLATION_CONNECTION=@OLD_COLLATION_CONNECTION */;
